Price,Close,High,Low,Open,Volume
Ticker,SGO.PA,SGO.PA,SGO.PA,SGO.PA,SGO.PA
Date,,,,,
2013-01-02,24.00588035583496,24.0452932139121,23.461270541585364,23.51859659559672,1918360
2013-01-03,23.866146087646484,24.06321038822635,23.701329915155682,24.013046329689228,907086
2013-01-04,23.93780517578125,23.93780517578125,23.683414809366646,23.72999513671865,1330516
2013-01-07,23.701326370239258,23.923468566481944,23.590252538531132,23.855394054852788,1281501
2013-01-08,23.042064666748047,23.704915885677835,22.977571138068996,23.525767498634636,1897657
2013-01-09,22.981151580810547,23.274954784151628,22.719595137191952,23.08505795844895,1482072
2013-01-10,22.866497039794922,23.120887388290456,22.633603620201605,22.977568150572484,1701215
2013-01-11,22.730348587036133,22.891582421012597,22.393550085791606,22.85575328759286,1606339
2013-01-14,22.819915771484375,23.719239865046763,22.784086649080166,23.500678664718222,2267324
2013-01-15,22.46879005432129,22.916661015538637,22.400714160261987,22.748262463540634,2046383
2013-01-16,22.6801815032959,22.726760458367192,22.246642811583015,22.468786389410475,1481043
2013-01-17,22.819915771484375,22.913073676604775,22.350547980739545,22.594189840109717,1977618
2013-01-18,22.31830596923828,22.816338257234207,22.225148044310387,22.540449582322672,2683199
2013-01-21,22.601362228393555,22.705267259002127,22.38280096723472,22.483123631323185,1112523
2013-01-22,22.640771865844727,22.651521698108812,22.171403983054518,22.640771865844727,1679625
2013-01-23,22.50103759765625,22.680185988349045,22.39713120302393,22.569114860867515,1319034
2013-01-24,22.64435577392578,22.655104239479286,22.311139673830272,22.569113781463876,1196787
2013-01-25,22.662267684936523,22.798420822109474,22.472370859495964,22.662267684936523,1615856
2013-01-28,22.608522415161133,22.83066736496347,22.515365869639208,22.787670774605495,1368708
2013-01-29,22.314720153808594,22.71601347993793,22.114074857537496,22.647936225737176,1834997
2013-01-30,21.784440994262695,22.0173344163741,21.691284445494272,21.931342599454847,3447291
2013-01-31,21.7629451751709,21.917011520070545,21.519303276064953,21.770109907385518,2682847
2013-02-01,21.780858993530273,21.85968334633485,21.691284809184577,21.780858993530273,2043927
2013-02-04,21.37240219116211,21.960008656412914,21.37240219116211,21.848936169232612,2555647
2013-02-05,21.63395881652832,21.709200808324,21.139508903539905,21.23266546003069,1941059
2013-02-06,21.397483825683594,21.748614500927278,21.17533884124462,21.608878977460208,3057134
2013-02-07,21.44405746459961,21.705615264675465,21.368815483818402,21.494220151913886,2724802
2013-02-08,21.497806549072266,21.619627507522093,21.26133073170422,21.433313020081552,2018937
2013-02-11,21.29715919494629,21.533635004901303,21.161007408495063,21.390317119143113,1643516
2013-02-12,21.329404830932617,21.329404830932617,20.992606382071077,21.22191608059754,1439118
2013-02-13,21.5479679107666,21.75936306348254,20.9245322853289,21.25416466350631,3208641
2013-02-14,21.766529083251953,21.895516140950814,21.318658114460764,21.375985543794286,2157356
2013-02-15,21.902679443359375,22.08899390659825,21.440476334562558,21.648287726810135,2143354
2013-02-18,22.343387603759766,22.343387603759766,21.605295738826747,21.802358696093236,2186299
2013-02-19,22.630023956298828,22.84500147175016,22.200067558602456,22.250228887754854,2707044
2013-02-20,22.508201599121094,22.798422457035254,22.329053225128224,22.57269512310202,1825125
2013-02-21,21.934926986694336,23.210462513703707,21.87043346377885,22.608523877688246,3791131
2013-02-22,22.55836296081543,22.690933741871152,22.028083936973424,22.110492025125193,1953068
2013-02-25,22.55836296081543,23.13880467756139,22.382798319429288,22.712430672036362,2281535
2013-02-26,21.79877471923828,22.131990812113116,21.318657010876212,21.659039202895993,3047069
2013-02-27,22.11765480041504,22.19648051062507,21.547963001154866,21.859680742850156,1931973
2013-02-28,21.895517349243164,22.336222242838513,21.762947917867443,22.131993179142956,1876863
2013-03-01,21.68053436279297,21.99225349956716,21.375982691371984,21.773692277274986,2032032
2013-03-04,21.53721809387207,21.648289212824142,21.318656855323784,21.476306934981306,1302437
2013-03-05,21.84535026550293,21.963587465928,21.637537523164976,21.637537523164976,1930098
2013-03-06,21.748615264892578,22.17857168305925,21.748615264892578,21.97075889034108,1633662
2013-03-07,22.42937469482422,22.608523059373276,21.72353106792056,21.72353106792056,2937176
2013-03-08,22.694515228271484,22.873663595603343,22.547613621731106,22.59060884718855,1707641
2013-03-11,22.565528869628906,22.597775631398587,22.361299834018805,22.54044820678511,1245852
2013-03-12,23.052814483642578,23.09581108314431,22.522536757725934,22.522536757725934,1875766
2013-03-13,22.633607864379883,23.08506259109129,22.368469001715294,23.052814458103818,2216607
2013-03-14,22.96323585510254,23.188964541957475,22.719595338895044,22.719595338895044,1861387
2013-03-15,22.551193237304688,23.031310857869805,22.5010319192565,23.002646466531754,3500330
2013-03-18,22.38996696472168,22.447294396337863,21.985091210110863,22.121244372746975,1565627
2013-03-19,21.963590621948242,22.39354699766208,21.809522909260835,22.35055177012879,2117135
2013-03-20,22.160654067993164,22.185734731859526,21.963591123274437,22.10691037404824,1523596
2013-03-21,21.651872634887695,22.160653362018426,21.329405014316368,22.160653362018426,2143075
2013-03-22,21.497806549072266,21.562300078062982,21.107263008759038,21.522887214036018,2046153
2013-03-25,21.34015464782715,21.920594992666338,21.09651275161443,21.813106242406285,1825032
2013-03-26,21.204004287719727,21.508556014601734,21.067851123878853,21.322241518502064,1844823
2013-03-27,20.709552764892578,21.372402600898983,20.462328488834615,21.236249447357036,3109440
2013-03-28,20.72388458251953,20.877952298138517,20.50174097477802,20.70955238413784,1553845
2013-04-02,20.93527603149414,20.96752278876717,20.508903455811563,20.688051803596526,1947745
2013-04-03,20.136274337768555,20.73104679104914,20.100443848538756,20.71671459535722,3165561
2013-04-04,19.910551071166992,20.562651072468253,19.86038974288131,20.229434972520572,2592943
2013-04-05,19.652576446533203,20.021623033255494,19.42326674223604,19.92488274548132,2593300
2013-04-08,19.70273780822754,19.756481497717246,19.58091686520655,19.731400835930007,1385653
2013-04-09,19.935632705688477,19.99654386928147,19.67407621918622,19.86397307602356,1927662
2013-04-10,20.566234588623047,20.655808778701033,19.996542685055307,20.08253314212572,2496189
2013-04-11,20.784791946411133,20.842119366444585,20.351253246983582,20.48024028375722,1951698
2013-04-12,20.584148406982422,20.781211344650554,20.512488784159384,20.677304959896833,1657036
2013-04-15,20.76329803466797,21.18967069768622,20.673723842427634,20.95319488484349,2271675
2013-04-16,20.781213760375977,20.860039491323825,20.487410502762437,20.645060597864358,1646370
2013-04-17,20.3369197845459,20.967522732459827,20.18285346331452,20.963939000109434,2672495
2013-04-18,19.978626251220703,20.433663289389717,19.9212988256841,20.379919596770574,1705909
2013-04-19,20.329757690429688,20.44441253823271,20.018038541596223,20.121944924540713,2094492
2013-04-22,20.512487411499023,20.680887308845083,20.319006852862298,20.50890504565473,1604616
2013-04-23,21.064266204833984,21.153840392097138,20.28676154865711,20.297511380548357,2621515
2013-04-24,21.687700271606445,21.73427922843993,21.125174524133488,21.161005016618297,2753936
2013-04-25,21.888349533081055,22.056749450809473,21.583797828093704,21.583797828093704,1829264
2013-04-26,21.68053436279297,22.436540675917623,21.583795449221444,21.974338936564784,2023465
2013-04-29,21.83819007873535,21.895517511657697,21.476309547893074,21.65545794662463,1260090
2013-04-30,21.823854446411133,22.04958177601339,21.727114162295877,21.92776082936384,1011436
2013-05-02,21.85610008239746,22.117656525925682,21.558713146526895,21.85610008239746,2157801
2013-05-03,22.246646881103516,22.31830650967705,21.67695495247418,21.91343077001124,1837921
2013-05-06,22.22156524658203,22.235897445030165,21.798774959917854,22.17857001803131,820412
2013-05-07,22.432960510253906,22.57269602888861,22.1427396406939,22.17857013700644,2615025
2013-05-08,23.052814483642578,23.074314150187245,22.407881892642262,22.440128658871657,2277973
2013-05-09,23.145971298217773,23.4218613479215,22.97399037568978,22.98832257483169,1523066
2013-05-10,23.3716983795166,23.414692240341274,22.93457590388385,22.938156903227718,1953435
2013-05-13,23.074312210083008,23.317954119598685,22.905912293178254,23.12805727154435,1747964
2013-05-14,23.364530563354492,23.44335628513429,22.837835274244238,23.03848194477753,2206736
2013-05-15,23.267793655395508,23.500684374398958,23.153138795693625,23.21404859193799,1389198
2013-05-16,23.644001007080078,23.644001007080078,23.067143039435685,23.12088809692555,2239107
2013-05-17,23.443355560302734,23.772987901565404,23.32511698128879,23.350197643480794,3264317
2013-05-20,23.48993492126465,23.52218305141893,23.188966952290635,23.332286204291893,1166128
2013-05-21,23.719240188598633,23.880475341997194,23.393191616609865,23.429020739502814,1885750
2013-05-22,23.314367294311523,23.72282533350326,23.024147827935035,23.647583350871837,1970404
2013-05-23,23.052814483642578,23.110143282978218,22.35772056001738,22.429378825599322,2901545
2013-05-24,23.22479248046875,23.454102154677194,22.981150609923912,23.04564412664422,2884116
2013-05-27,23.120887756347656,23.260623263610654,23.07431016512237,23.135219953706315,902105
2013-05-28,23.67624855041504,23.84822944983159,23.02056487912005,23.02056487912005,2196131
2013-05-29,23.672664642333984,23.72640969809865,23.300035718242622,23.360945505768598,1955744
2013-05-30,24.149202346801758,24.314018529573033,23.260625172744252,23.260625172744252,3121874
2013-05-31,24.034547805786133,24.202947723785798,23.6977479697868,23.884063819585858,2408219
2013-06-03,24.170696258544922,24.324763956566542,23.790902612365258,23.815983273271705,2114617
2013-06-04,23.79448699951172,24.321180893035997,23.63325183188882,24.077539008847985,2339295
2013-06-05,23.43260955810547,23.618922677741697,23.246293704881793,23.3358678983504,2575672
2013-06-06,23.389610290527344,23.636835911020505,23.246291050624247,23.593839318973437,1868599
2013-06-07,23.507850646972656,23.686999027008362,23.14597015389607,23.36094766322145,2141787
2013-06-10,23.71566390991211,23.88048009489228,23.400361005091437,23.400361005091437,1384869
2013-06-11,23.597423553466797,23.78015565656841,23.328700998029735,23.78015565656841,2473668
2013-06-12,23.467111587524414,23.850597177828963,23.366585949039013,23.56763722600981,2586798
2013-06-13,23.601146697998047,23.69794979971838,22.9682082569323,23.083626902745017,2359246
2013-06-14,23.60487174987793,23.753797529774534,23.4484980476702,23.6867804317248,1347331
2013-06-17,23.66444206237793,23.902723023302745,23.500621860096775,23.656995560431056,1708181
2013-06-18,23.83198356628418,23.925062705367644,23.545299647474117,23.56763773187818,1493371
2013-06-19,23.67933464050293,23.89900290647395,23.515515851616588,23.824539304152854,1107949
2013-06-20,23.426158905029297,23.90644764174595,23.321910715456713,23.537855017028566,3152119
2013-06-21,22.774606704711914,23.508070892260207,22.774606704711914,23.411269197081964,3934020
2013-06-24,22.30548667907715,22.741097824580443,22.04486478402027,22.66291026187083,3342776
2013-06-25,22.52887535095215,22.633124957843847,22.387396074908093,22.49164426152477,2102421
2013-06-26,23.098522186279297,23.228832428064393,22.413459586019542,22.532600784301664,2024887
2013-06-27,23.40382194519043,23.552747734564942,22.957041736516636,23.02405883883146,1443223
2013-06-28,23.158090591430664,23.6830568904621,22.960761846497228,23.463390060639018,1954154
2013-07-01,23.385204315185547,23.485729959699892,22.964486192649577,23.221384115114017,1573149
2013-07-02,23.139474868774414,23.347971234269423,22.927254542309868,23.024056223393266,1715170
2013-07-03,22.338993072509766,22.908636941370787,22.21240538828788,22.901190439913627,2670157
2013-07-04,22.599618911743164,22.599618911743164,22.21240928961195,22.44696915574771,2451845
2013-07-05,22.443241119384766,22.87885222026069,22.32782389816993,22.580999265113647,1636586
2013-07-08,22.94959259033203,23.139474831775626,22.592169032676395,22.629400120662414,1239230
2013-07-09,23.459665298461914,23.50062034639424,22.80438879236949,22.960761062356628,2040460
2013-07-10,23.418712615966797,23.51179175765144,23.076180636024308,23.374033605360175,1125488
2013-07-11,23.675609588623047,23.895276411022486,23.418711679149098,23.679332129220526,1672028
2013-07-12,23.85432243347168,24.088880849061116,23.60114705323467,23.791029298549923,1189737
2013-07-15,24.181961059570312,24.20802310689835,23.895278538961882,23.95484771547592,808261
2013-07-16,24.315998077392578,24.319722039028495,23.98463650555733,24.155901813653603,1151582
2013-07-17,24.230363845825195,24.446308145184354,23.954847529863468,24.386736128581788,1821433
2013-07-18,24.301101684570312,24.30482564568722,23.742628240411165,24.10749831474182,1489782
2013-07-19,24.557998657226562,24.557998657226562,24.103772023574365,24.30854725695848,1481080
2013-07-22,24.528213500976562,24.595230594171166,24.18568295378187,24.483537332546746,1526553
2013-07-23,24.826068878173828,24.997334158658965,24.468645313611365,24.50215244128129,1921053
2013-07-24,25.302635192871094,25.302635192871094,24.654805119645054,24.956380649490765,1943536
2013-07-25,25.533472061157227,26.39352246286174,25.17604848070145,25.31008267844113,3168371
2013-07-26,25.07552146911621,26.01003689421691,24.9898902451463,25.808985597150418,1634191
2013-07-29,24.867021560668945,25.28029313922272,24.807449551971235,25.164873082508336,1472794
2013-07-30,25.220720291137695,25.29146133897442,24.911699738089627,25.012223948734253,1323962
2013-07-31,25.95046615600586,26.06216227339767,25.042015574050176,25.09041570995982,2913541
2013-08-01,26.523828506469727,26.523828506469723,25.86482950555038,26.010032723389383,2268867
2013-08-02,26.285545349121094,26.572230655923303,26.032370005701416,26.557337654481017,1653755
2013-08-05,26.918487548828125,26.918487548828125,26.307888637528855,26.307888637528855,2035709
2013-08-06,26.438199996948242,26.810516560834937,26.30044184571218,26.810516560834937,1447138
2013-08-07,26.66531753540039,26.743503685286765,26.069608666751137,26.319062962731934,1487090
2013-08-08,26.847749710083008,26.847749710083008,26.590850352304304,26.68765346169993,1243019
2013-08-09,27.193998336791992,27.324308547687753,26.747216818728536,26.87752987017385,1526880
2013-08-12,26.974336624145508,27.24985295426467,26.69137805239375,27.19028093460099,1318871
2013-08-13,26.773284912109375,27.123260543262834,26.56478570912338,26.97805731363057,1472465
2013-08-14,27.045072555541992,27.21633781875204,26.79934512243182,26.806790203201952,1007597
2013-08-15,26.95572280883789,27.056247042490195,26.680209316096132,26.918491716394453,892964
2013-08-16,27.13815689086914,27.13815689086914,26.70999223048539,26.918491459166752,1367278
2013-08-19,26.65786361694336,27.10464516795009,26.594570487062747,27.04507315826262,987871
2013-08-20,26.22597885131836,26.53127831056293,25.805259329294227,26.50893738585244,1839613
2013-08-21,26.095666885375977,26.456814410792422,26.032373750553504,26.319059098596448,825217
2013-08-22,26.870084762573242,26.937101855272065,26.062158529878957,26.073327571903786,1228035
2013-08-23,26.810518264770508,26.96689054980913,26.430753754762268,26.77700829480501,803569
2013-08-26,26.568511962890625,26.728608209448844,26.40469175509613,26.728608209448844,575247
2013-08-27,25.764307022094727,26.56478826275356,25.585596648698907,26.501495123865464,1520602
2013-08-28,25.678674697875977,25.80526097023553,25.373375219217596,25.715905787361137,1059430
2013-08-29,26.18130111694336,26.237149170613442,25.74569141130674,25.92440177439099,1259492
2013-08-30,26.315336227416992,26.933380278753404,26.292998141389806,26.508939600936202,2086414
2013-09-02,26.803071975708008,26.959447110826368,26.52383451802921,26.52383451802921,1132912
2013-09-03,26.419580459594727,26.777003985251344,26.02120188865509,26.765834943910463,1828447
2013-09-04,26.639249801635742,26.73605005766991,26.158961120051575,26.42702948563807,1600402
2013-09-05,26.572233200073242,26.87753265749692,26.35628891930897,26.66903345789183,1324694
2013-09-06,26.844024658203125,26.84402465820312,26.34512180802971,26.47170808086175,1384071
2013-09-09,26.899873733520508,26.899873733520508,26.57968123761452,26.79934950366638,1050181
2013-09-10,27.622163772583008,27.651946935629255,27.030179023450614,27.030179023450614,2053669
2013-09-11,27.331758499145508,27.603547981984125,27.246124445309512,27.551423893753437,1487227
2013-09-12,27.476964950561523,27.551427130911517,27.220065599418884,27.246127646596392,1173556
2013-09-13,27.44717788696289,27.44717788696289,27.07486131842688,27.35409874482889,1344368
2013-09-16,27.476964950561523,27.7003543321616,27.391330886663944,27.7003543321616,1330446
2013-09-17,27.56631851196289,27.767369795729913,27.38760531287556,27.51419442067699,1236892
2013-09-18,27.804603576660156,27.867896716416006,27.41367001360303,27.558873259184203,952124
2013-09-19,28.117345809936523,28.34818310341723,27.8716183535022,28.068945678962333,1877371
2013-09-20,28.433813095092773,28.43381309509277,27.994479496521933,28.024262658717745,2543469
2013-09-23,27.83810806274414,28.4822169641947,27.711521795256132,28.415199869480478,1539144
2013-09-24,27.882787704467773,27.882787704467773,27.666843412101606,27.745029550947976,1135704
2013-09-25,27.752473831176758,28.00937313978122,27.517915445418094,27.812042997483083,1206612
2013-09-26,27.867895126342773,27.942360145821638,27.629612745110492,27.856726083558453,1251216
2013-09-27,27.823217391967773,27.92374161192877,27.637059114554916,27.774814421888504,902517
2013-09-30,27.257295608520508,27.46207085718638,27.126985377801315,27.39877488179421,1626978
2013-10-01,28.26627540588379,28.273723328543337,27.33548391195545,27.43601098400783,1698440
2013-10-02,27.774812698364258,28.083836101425593,27.551423347440895,28.005649970629904,1628517
2013-10-03,27.55887222290039,27.994484783813967,27.46579307715349,27.87161962969603,916813
2013-10-04,28.593915939331055,28.73167126300848,27.68546252879781,27.68918649014186,2380281
2013-10-07,28.69443702697754,28.731668114687718,28.12106918648104,28.422644689648386,1513486
2013-10-08,28.493385314941406,28.657205507055334,28.307227038648257,28.623695540236636,1349504
2013-10-09,27.454622268676758,27.968420938111787,27.261018907814954,27.934910970711716,3405706
2013-10-10,28.37424659729004,28.690715126377665,27.365268992972968,27.54025824238204,2540208
2013-10-11,27.90884780883789,28.370519528233583,27.771089664903375,28.340736363519202,1521185
2013-10-14,27.879064559936523,27.901405486368382,27.48068593192776,27.70035419178217,1064664
2013-10-15,28.214149475097656,28.255104525411788,27.718967750790444,27.879063990959317,1221334
2013-10-16,28.269994735717773,28.28116377732705,28.001926374896232,28.095005509039837,1069839
2013-10-17,27.67056655883789,28.08383816668509,27.458346233771753,28.04288311793988,1794360
2013-10-18,28.202980041503906,28.202980041503906,27.540257004587588,27.767370338436436,1511575
2013-10-21,28.19552993774414,28.2513751405876,27.972137764172352,28.135957933978467,1027320
2013-10-22,28.370521545410156,28.593913760225206,28.027990982167097,28.124794085883618,1499253
2013-10-23,28.07267189025879,28.34818537578524,27.983316702624574,28.18808912597591,1112164
2013-10-24,28.173192977905273,28.519447486974112,28.072668758101365,28.232764990048246,1001609
2013-10-25,29.550764083862305,29.722029347231963,28.497107619550327,28.66837288291999,4144252
2013-10-28,28.76889991760254,29.785325396603632,28.56785147085945,29.74809430796787,2036041
2013-10-29,28.809860229492188,28.94017332434447,28.50083958087667,28.556684803755648,1333335
2013-10-30,28.73911476135254,28.958780157480586,28.567849493045134,28.809852972698124,1004176
2013-10-31,28.850811004638672,28.91410698209138,28.467325381516766,28.49711138966509,1339731
2013-11-01,28.52689552307129,28.895488117895713,28.482216513785037,28.85080910860946,773564
2013-11-04,28.69443702697754,28.899212270208398,28.474771621102537,28.56040283878096,991318
2013-11-05,29.010906219482422,29.238019552600917,28.668375659567634,28.742837836749118,1455853
2013-11-06,29.44651222229004,29.707135490787568,29.13376770875255,29.148660710428093,1571805
2013-11-07,29.19333839416504,30.027326566401676,29.103980388156135,29.275245638848958,1834044
2013-11-08,29.022077560424805,29.171004767132125,28.6832709347021,29.025801521743794,1476188
2013-11-11,29.24174690246582,29.383226191726738,28.962509444849324,29.040695592115906,1004317
2013-11-12,29.007186889648438,29.67363108604786,28.977400880717134,29.353438591411745,1295841
2013-11-13,28.880592346191406,29.14121277400236,28.698158046723737,28.891761387304786,1094350
2013-11-14,29.28642463684082,29.34971777606573,28.936446129632188,29.215683575030518,994538
2013-11-15,29.219402313232422,29.42789865955085,29.036965169654117,29.23801643526818,971626
2013-11-18,28.854534149169922,29.040692434003276,28.750285964151242,29.03696847295261,1460171
2013-11-19,28.23649024963379,28.765181992979958,28.143411097428167,28.68699584599327,1534785
2013-11-20,28.46360206604004,28.683270330429366,28.031716300292608,28.109902443043,1151138
2013-11-21,28.523176193237305,28.694441495816726,28.095011516513576,28.236490808066048,1547896
2013-11-22,28.79868507385254,28.89921213480392,28.534340659633934,28.63114375966677,1411686
2013-11-25,29.06302833557129,29.20078647859558,28.835915017894642,29.16355539253625,1294072
2013-11-26,29.04068946838379,29.197061729943158,28.917824331208696,29.003458383329136,2102109
2013-11-27,29.04068946838379,29.18961664915211,28.78379015257218,29.152385564097457,2289559
2013-11-28,29.219402313232422,29.762984102240953,29.1523852246944,29.375774572971242,1649011
2013-11-29,29.144939422607422,29.48002488966203,29.07047724795079,29.18961843173133,1342811
2013-12-02,29.010906219482422,29.319929651830535,28.75773084029541,29.182171499439814,1231978
2013-12-03,28.031715393066406,29.048138056475885,28.031715393066406,29.048138056475885,1835592
2013-12-04,27.551424026489258,28.217870975563553,27.506745018983516,28.158298965555897,2027768
2013-12-05,26.95572280883789,27.3950565169911,26.907319832166177,27.179112204048785,2815532
2013-12-06,27.622163772583008,27.651946935629255,26.95199289442363,27.126982114862447,2131670
2013-12-09,27.473241806030273,27.778541299420525,27.268466543155633,27.767372256091033,1423440
2013-12-10,27.24985122680664,27.774816124199926,27.24985122680664,27.372713538611414,1674079
2013-12-11,27.53281021118164,27.96469881146768,27.11209349446171,27.138155541682412,1945481
2013-12-12,27.55887222290039,27.715247346573264,27.324313798216238,27.432285948148653,1549939
2013-12-13,27.357826232910156,27.733863970415296,27.220068062193693,27.543984541178173,1164921
2013-12-16,28.21787452697754,28.288615587627437,27.36154523891613,27.454624385855407,1919918
2013-12-17,27.79715919494629,28.072672688304998,27.651953105156263,28.04288667806344,1440449
2013-12-18,28.29605484008789,28.29605484008789,27.83810428164993,28.01681745679755,1855825
2013-12-19,28.828475952148438,29.25664063254452,28.471052338410516,28.471052338410516,2223841
2013-12-20,29.148664474487305,29.241743616566822,28.67582084201537,28.95133714776673,2077283
2013-12-23,29.293867111206055,29.31620519587338,29.089091866589143,29.189618928691967,846122
2013-12-24,29.24174690246582,29.41301220227124,29.137498706110378,29.338550016460296,161427
2013-12-27,29.785324096679688,29.785324096679688,29.368328536728225,29.465131635396393,876359
2013-12-30,29.62895393371582,30.001270511398452,29.480026734532753,29.78532621461051,950801
2013-12-31,29.76671028137207,29.777882165151876,29.547044856388627,29.584275947337495,160067
2014-01-02,28.996013641357422,29.930529033610863,28.96995159490653,29.889573983395174,1532493
2014-01-03,29.137496948242188,29.383224419033784,28.79124240806529,29.081648891978144,1054471
2014-01-06,28.999736785888672,29.357160344529774,28.86570259632952,29.077922923039857,1370413
2014-01-07,29.144939422607422,29.33482166069668,28.88059500986153,29.130046419566117,1638411
2014-01-08,29.100265502929688,29.22312781655306,28.87687328059606,29.156110717962992,1366805
2014-01-09,29.163564682006836,29.58428148553281,29.10771661485366,29.115161698217094,2194770
2014-01-10,30.057117462158203,30.213489737309317,29.34971542243418,29.390670471718987,2580946
2014-01-13,30.626766204833984,30.72356648162243,29.770436835671884,30.101798402914078,2022595
2014-01-14,30.582088470458984,30.61931956621265,30.086906659338677,30.209771831821254,1753721
2014-01-15,30.902271270751953,30.902271270751953,30.358689490469743,30.559740752856253,1525929
2014-01-16,30.61931610107422,31.028863789117764,30.518791869860426,31.0176947457107,1271862
2014-01-17,30.54485511779785,30.74590642867295,30.381034899925478,30.6007031775771,1730475
2014-01-20,30.451772689819336,30.969292496381975,30.358693547048357,30.455496650884175,980456
2014-01-21,30.358686447143555,30.570906729407994,30.273052405979254,30.481551568599112,916486
2014-01-22,30.20604133605957,30.481557634249548,30.01988305700954,30.44432370599961,1120139
2014-01-23,29.785324096679688,30.369860968455033,29.692244958877563,30.068285470952105,1147774
2014-01-24,29.107709884643555,30.116687459861822,29.010906779997324,29.893298083451324,2196654
2014-01-27,28.895488739013672,29.375777447102745,28.757730587832327,29.226850253497226,1355547
2014-01-28,29.323652267456055,29.453962491819873,29.0369669333058,29.141215112796854,1487500
2014-01-29,28.962509155273438,29.78532851462389,28.47477530982256,29.4763050495526,2308313
2014-01-30,28.943891525268555,29.16728091589756,28.523174792241427,28.992294500947487,1502601
2014-01-31,29.014633178710938,29.059312193966687,28.076396582742408,28.835919958238218,2511193
2014-02-03,28.273719787597656,29.14493915334066,28.243933781790236,28.917825830021357,1318427
2014-02-04,28.727949142456055,28.821028288966527,28.039161185838466,28.25510548747479,2043779
2014-02-05,28.57157325744629,28.686993327622982,28.33329087596222,28.60135926526931,1729871
2014-02-06,29.424175262451172,29.535871359003618,28.51572200943715,28.653480149778538,2064637
2014-02-07,30.05339241027832,30.083178416049723,29.208232249951422,29.308759309292437,1878303
2014-02-10,29.591726303100586,30.05339811803888,29.48003018051936,30.038505112324692,1528365
2014-02-11,30.031057357788086,30.086902573559584,29.64384776532156,29.647568886006233,1268251
2014-02-12,30.52623748779297,30.80547494007203,29.99754859321001,30.08318266175103,1688243
2014-02-13,30.537405014038086,30.57836006558137,30.19859839919375,30.440604747254053,1110522
2014-02-14,30.43315887451172,30.865047505128352,30.302848629256808,30.50017597786429,1689592
2014-02-17,30.306570053100586,30.52623547091597,30.22838391249426,30.299122130823754,818160
2014-02-18,30.392200469970703,30.492727534193257,29.934252681334588,30.246997235471447,1597586
2014-02-19,30.69750213623047,31.073542692714604,30.22466131019612,30.373588516377477,1997020
2014-02-20,30.69750213623047,30.749626232311417,30.07573410401476,30.68261197210751,2051553
2014-02-21,31.85540771484375,31.94476574495949,30.857599102953426,30.946957133069162,2876633
2014-02-24,32.521854400634766,32.61493355051669,32.16815476730354,32.16815476730354,2494034
2014-02-25,32.354312896728516,32.696843484758595,32.23144773779918,32.406436993143956,2286590
2014-02-26,31.952207565307617,32.488344329068724,31.83679033887848,32.324524131130616,1631833
2014-02-27,32.14208984375,32.19048997476098,31.561274068868382,31.881466543064025,1441898
2014-02-28,32.391544342041016,32.439944477655175,31.83306943959203,32.13464497793841,1464782
2014-03-03,30.879934310913086,31.646905463764885,30.649097036697132,31.535209367084644,2955550
2014-03-04,31.82563018798828,31.918709355448932,31.05121083298348,31.23736916790478,2031531
2014-03-05,31.892637252807617,31.94476134291721,31.427241562150606,31.665523928523005,1727752
2014-03-06,32.149539947509766,32.34314618289805,31.862857396575723,31.933595623634535,1694750
2014-03-07,31.57244873046875,32.235171822180746,31.479369580721556,32.08624461447519,1848587
2014-03-10,31.948490142822266,32.004338207235485,31.319276949381614,31.54266636648394,1397871
2014-03-11,31.49053192138672,32.13463790983006,31.42351483421144,32.02294465823768,1280725
2014-03-12,31.29692840576172,31.48681064235427,30.961845781898205,31.282035402837806,1419407
2014-03-13,30.842702865600586,31.423518638282005,30.842702865600586,31.39745659236713,1018052
2014-03-14,30.604427337646484,30.727292513251815,30.038507282375885,30.556027195991625,1933710
2014-03-17,30.965564727783203,31.1107679454077,30.518786033638534,30.518786033638534,1136045
2014-03-18,31.4346923828125,31.69531288094546,30.61187299236372,30.820369390870084,1483682
2014-03-19,31.37511444091797,31.56127271605004,31.177787123765945,31.34905239602147,1300762
2014-03-20,31.45330238342285,31.4830855476482,30.693776304956206,31.02885891675199,1368873
2014-03-21,31.26714324951172,31.624566775276897,31.20757124160935,31.527763682710386,1839046
2014-03-24,31.27459144592285,31.874021342547035,31.140557255339182,31.486811774255326,1698382
2014-03-25,31.870304107666016,32.00061436474891,31.330446110943775,31.397463220379343,1517587
2014-03-26,32.43250274658203,32.51813398309733,31.89636587585811,32.019231048824096,1918338
2014-03-27,32.33197021484375,32.573976558240496,32.17932189521046,32.30963212917791,1214708
2014-03-28,32.50323486328125,32.56280403220144,32.358031640885436,32.391538765799964,1217032
2014-03-31,32.652164459228516,32.95746395550694,32.633550333686664,32.65588842055697,1552649
2014-04-01,33.77655792236328,34.11164338598789,32.596315138782586,32.652160348928476,2403168
2014-04-02,33.463809967041016,33.80634334649157,33.22925156681437,33.74677133596111,1838909
2014-04-03,34.07813262939453,34.30896990799603,33.329775584738684,33.367009511372636,1990391
2014-04-04,34.25312423706055,34.54725466648391,33.787728527317874,33.96644172970105,1935666
2014-04-07,33.78772735595703,34.316416182164,33.754220229481184,33.895699497740125,1622445
2014-04-08,32.76384735107422,33.38933909594396,32.48088605587029,33.25902890754382,3795811
2014-04-09,32.76384735107422,33.01329868894721,32.66332316017956,32.76384735107422,1670791
2014-04-10,32.60748291015625,33.06543065880626,32.54791090092224,32.8792723907746,1720351
2014-04-11,32.50323486328125,32.63726904403888,32.05272935317657,32.30590471232435,1869246
2014-04-14,31.661800384521484,32.42504762291842,31.49053510897071,32.28729231462209,1995963
2014-04-15,31.322996139526367,31.918705002474205,31.25597903447225,31.654357703252153,1792416
2014-04-16,32.30963134765625,32.33196943278176,31.713925406392768,31.717649367430347,1749742
2014-04-17,32.838321685791016,32.94257271573252,32.462283979850696,32.49579110906216,1787845
2014-04-22,33.08405303955078,33.12128413114399,32.81970859652374,33.07288399612784,1634221
2014-04-23,32.74151611328125,33.11383263823355,32.74151611328125,32.97979846200675,1275118
2014-04-24,32.748966217041016,33.028203653585244,32.37292567380743,32.79736635011064,1781028
2014-04-25,32.398990631103516,32.84949623554471,32.17932519142177,32.6819520542388,1262595
2014-04-28,32.600040435791016,32.86810884103547,32.35058899668029,32.59631931500445,1169264
2014-04-29,32.875553131103516,32.938846264084226,32.41760251598741,32.76385702774352,1438395
2014-04-30,32.77874755859375,33.62018370960492,32.42132403156991,33.38190135825569,1458794
2014-05-01,32.77874755859375,32.77874755859375,32.77874755859375,32.77874755859375,0
2014-05-02,32.864383697509766,33.028203903832974,32.68939728867829,32.79364547795666,1278506
2014-05-05,32.86811447143555,32.883007478783696,32.23145332019323,32.883007478783696,878231
2014-05-06,32.514404296875,32.98724505540629,32.33941506763475,32.91278288322098,902331
2014-05-07,31.43840980529785,31.538934022083215,30.91716607689833,31.237358531177332,4711833
2014-05-08,31.795833587646484,31.859126718716883,31.430962122826273,31.613399275511288,2378254
2014-05-09,31.784666061401367,31.937314375411905,31.602228900016886,31.773494178429907,1344179
2014-05-12,31.914974212646484,32.026667470139394,31.803278114603813,31.970822261667823,1547110
2014-05-13,31.94476318359375,32.14581163385822,31.85912912173663,32.011780280531916,1673661
2014-05-14,31.907529830932617,32.16815314176217,31.844236693943333,32.06018099248922,1905322
2014-05-15,31.43840980529785,31.978267656520696,31.14800335619592,31.922419606951138,3153739
2014-05-16,30.8613224029541,31.520324368320804,30.544853864589676,31.438414262745262,2345239
2014-05-19,30.976741790771484,31.03258985213936,30.477838881132683,30.88366263534182,1415694
2014-05-20,30.99163246154785,31.08471160996478,30.906001235712374,30.99535642283858,1684170
2014-05-21,31.20012855529785,31.229911720985015,30.760794905225833,30.90227417402703,1544768
2014-05-22,31.03631019592285,31.27459257880306,30.74962483990912,31.21129944222083,1692985
2014-05-23,31.322996139526367,31.363951194867788,30.987913454806176,31.15917875871105,1100321
2014-05-26,31.4346923828125,31.48309252087994,31.322996260441013,31.4346923828125,982353
2014-05-27,31.464473724365234,31.591059993085178,31.367670622047065,31.490535770310515,1533888
2014-05-28,31.241086959838867,31.557555498592354,31.114497840007353,31.557555498592354,1797770
2014-05-29,31.311824798583984,31.367672855457442,31.192683602844017,31.237362616452817,1155010
2014-05-30,31.12194061279297,31.412349922428124,31.0623714388896,31.28948477303056,3534046
2014-06-02,31.2261905670166,31.404900923146876,31.099601460920255,31.404900923146876,1103619
2014-06-03,31.2559757232666,31.30437869656985,31.06981743345429,31.270868727317595,1133836
2014-06-04,31.31926918029785,31.367669309156174,31.088431896908492,31.121939022914287,1976749
2014-06-05,32.164432525634766,32.164432525634766,31.31555108781395,31.50543335907925,3197867
2014-06-06,33.2590446472168,33.29255177985574,32.224004888741156,32.33942213300918,3976396
2014-06-09,33.22925567626953,33.45264506228568,33.1771315808841,33.34095178955268,1049401
2014-06-10,33.4005241394043,33.5084963016869,33.16596568789064,33.270213888563376,1695118
2014-06-11,32.29434585571289,32.9059536231361,32.245267340196875,32.80024139836039,2140222
2014-06-12,32.27547073364258,32.66433137567767,32.25659570929326,32.46801441633435,1264977
2014-06-13,31.992311477661133,32.27923885173378,31.65252943999131,32.27923885173378,1195154
2014-06-16,31.584577560424805,32.037618380708615,31.53172001370718,31.924356735456016,1073381
2014-06-17,31.882823944091797,31.98853614485122,31.603448900134982,31.852623338523486,1438659
2014-06-18,32.1017951965332,32.12822252687928,31.76956548927354,31.8412951685769,1198664
2014-06-19,33.336341857910156,33.460926219602904,32.569943383674335,32.569943383674335,2841560
2014-06-20,32.74738693237305,33.525111034692,32.698308416547974,33.22308186558667,3967878
2014-06-23,32.1017951965332,32.81533599624023,32.09424576516132,32.78513251002672,1577178
2014-06-24,32.033843994140625,32.29056790791433,31.920585222994358,32.2452655516012,1058690
2014-06-25,31.4222354888916,31.95078212020299,31.229691855849243,31.93945653244105,1922444
2014-06-26,31.48264503479004,31.799775948849465,31.191944337235547,31.569479356605004,1381977
2014-06-27,31.203262329101562,31.641201347144833,31.11265475301725,31.58079725654293,1141576
2014-06-30,31.11265754699707,31.41090763173985,30.79552668167861,31.282547127456947,1168627
2014-07-01,31.184389114379883,31.301426918112192,30.697368639188053,31.259897839427072,1814775
2014-07-02,31.358049392700195,31.46375870896755,31.059796461595674,31.244790645426388,1445885
2014-07-03,32.003639221191406,32.147104358072674,31.20704305750242,31.286325058238386,2147607
2014-07-04,31.743139266967773,32.030063754922686,31.743139266967773,32.030063754922686,676905
2014-07-07,30.78797149658203,31.63742500087367,30.769093599897165,31.524163381489732,1618803
2014-07-08,29.742206573486328,30.938991821509486,29.455279169547374,30.923892956364195,3101507
2014-07-09,29.927194595336914,29.998927158454805,29.53078462107173,29.9234213196509,1780140
2014-07-10,28.922958374023438,29.98760702483077,28.51521985745119,29.98383086809483,3073727
2014-07-11,28.303796768188477,28.96825911265071,28.2320642031697,28.54164275905042,2276999
2014-07-14,28.639808654785156,28.87765469546221,28.39818645716802,28.458590566390406,1469763
2014-07-15,28.594501495361328,29.228760441670804,28.56807415928025,28.90785625201097,2231527
2014-07-16,29.096620559692383,29.11172230441469,28.549195995234417,28.69265824955139,1624928
2014-07-17,28.753063201904297,29.44017669634288,28.730409146235868,29.149473171563237,1718469
2014-07-18,28.771942138671875,28.809695062775422,28.398183293428833,28.768165982152475,1776603
2014-07-21,28.088603973388672,28.809694310127572,28.03197314853108,28.809694310127572,1631781
2014-07-22,28.654905319213867,28.753065219697362,28.118806343369826,28.254716285102674,2078574
2014-07-23,28.481243133544922,28.85122584407776,28.447263483594313,28.662458332069352,1322623
2014-07-24,28.390628814697266,28.61715210276587,28.145233386561706,28.549195692417943,1611266
2014-07-25,28.03575325012207,28.575628479723598,28.016875345725254,28.27359929155739,1720853
2014-07-28,27.88850975036621,28.182986571171543,27.62423353860411,28.141457493328403,1355124
2014-07-29,28.16033172607422,28.364200953319493,27.726168819546363,27.937587478750412,1995188
2014-07-30,27.93758773803711,28.37175352895763,27.843203995678877,28.186762200437197,1637502
2014-07-31,27.503421783447266,28.828570324772777,27.43924153031277,28.692657506156664,2875796
2014-08-01,26.906917572021484,27.492097960886937,26.45387673444806,27.492097960886937,3457542
2014-08-04,27.182519912719727,27.363737979497778,26.899368663628895,27.118339654213035,2079008
2014-08-05,27.22782325744629,27.412814587495504,27.069256379897997,27.295779667720343,1830498
2014-08-06,27.21272087097168,27.31087788765844,26.77477893056669,27.039055133337587,2006620
2014-08-07,26.944671630859375,27.273125208706418,26.91824429838475,27.182517623131016,2612013
2014-08-08,26.78233528137207,26.918248119208492,26.559588121443195,26.63132069706898,2860216
2014-08-11,27.594030380249023,27.85453043886976,26.937120319774245,27.140989555169174,2691662
2014-08-12,27.061710357666016,27.612911141402673,27.012631841980866,27.526079699777895,1823720
2014-08-13,27.48077392578125,27.556279776191502,27.227826158506996,27.295782576021647,1327147
2014-08-14,27.295778274536133,27.692188247265854,27.197618380180774,27.29955155020753,1253025
2014-08-15,27.08058738708496,27.820555657008896,27.035282149200977,27.37506423242205,1909710
2014-08-18,27.70351791381836,27.72617197299765,27.416593380940263,27.49587538715896,1124433
2014-08-19,28.26604461669922,28.300021381876675,27.82055323096076,27.899835230071425,1816156
2014-08-20,28.201866149902344,28.458590090624156,28.02820037829108,28.213194620533212,1677481
2014-08-21,28.81346893310547,28.858774166653095,28.126355399631027,28.209413554286712,1634289
2014-08-22,28.51521873474121,28.97203574944017,28.364204155249467,28.843675229108484,1915530
2014-08-25,29.319368362426758,29.31936836242676,28.821019416317277,28.938057220492997,1534329
2014-08-26,29.534563064575195,29.587417731904154,29.14192633558628,29.2438595139026,1337941
2014-08-27,29.413755416870117,29.606296207306702,29.28539200954872,29.447732186818804,1118813
2014-08-28,29.123044967651367,29.398646740515346,28.832344331944945,29.26273393202941,1797933
2014-08-29,29.16834831237793,29.311810543014403,28.945601214945636,29.240077987514763,1474858
2014-09-01,29.00223731994629,29.3835484598184,28.888975672740443,29.26651065627547,960134
2014-09-02,29.10039710998535,29.338243111764722,29.0173389530697,29.134373875798122,1011995
2014-09-03,29.085296630859375,29.383549625325948,28.87765122953346,29.07019488527536,1964499
2014-09-04,29.73465347290039,29.851688385701518,28.677554460598778,28.832345172695955,2790811
2014-09-05,29.44017791748047,29.817712883498942,29.334465707490203,29.65537273289647,2213021
2014-09-08,29.394874572753906,29.60629324558812,29.330694315695432,29.45905482981238,1097580
2014-09-09,29.043764114379883,29.4854793190894,29.03243852662268,29.311813585965055,1100929
2014-09-10,28.91917610168457,29.07774008669846,28.790815603443715,28.99090866267977,1121019
2014-09-11,28.330223083496094,29.070191242199417,28.13390329587012,29.02111273547447,2037460
2014-09-12,28.21319007873535,28.477463410304246,28.031972022542906,28.47368725403518,1251750
2014-09-15,27.880956649780273,28.186761930741955,27.843203729270854,28.186761930741955,1551924
2014-09-16,27.748823165893555,27.926265081009817,27.63556151103021,27.926265081009817,1224464
2014-09-17,28.118804931640625,28.330223586347582,27.98289211636811,27.98289211636811,1957660
2014-09-18,28.417055130004883,28.53409292607953,28.03197073873159,28.10747657847517,1622456
2014-09-19,28.349096298217773,28.96825622870164,28.284916051886885,28.764387022389194,3383091
2014-09-22,27.945140838623047,28.31512642459778,27.892286166392886,28.228292102869023,1301434
2014-09-23,27.08058738708496,27.975343512476343,27.04660773858109,27.937590587754784,2601423
2014-09-24,27.56005096435547,27.628007369619088,26.940893885448308,27.046603209111037,1787801
2014-09-25,26.869163513183594,27.55250377743821,26.774779769315142,27.499646230937664,2324849
2014-09-26,27.182519912719727,27.33731064479717,26.72192675334049,26.880490761544124,1643957
2014-09-29,27.05793571472168,27.35618874294866,26.92202286944448,27.152319475032858,1269884
2014-09-30,27.359962463378906,27.518526475293793,26.993753045125334,27.152317057040225,2292663
2014-10-01,27.341081619262695,27.714843310459813,27.107011783151645,27.32220659913034,2395961
2014-10-02,26.07634162902832,27.2391500888441,26.07634162902832,27.2391500888441,4089638
2014-10-03,25.525142669677734,26.31041619447538,25.30617166904623,26.276436545236347,3907652
2014-10-06,25.804513931274414,26.114092483156078,25.589319119361104,25.82339183141335,3665598
2014-10-07,25.079648971557617,25.67992821041308,25.045669325385866,25.672378778132316,3529921
2014-10-08,24.57375144958496,25.12495507717546,24.449167090272585,24.989042248504298,3449744
2014-10-09,24.464265823364258,25.143827002680275,24.44161176779957,25.034341521934028,3031292
2014-10-10,23.89796257019043,24.369882708204283,23.86776052242358,24.31702804447612,3186267
2014-10-13,24.113157272338867,24.46426633733725,23.618587400959367,23.709194984032475,2179339
2014-10-14,24.57375144958496,24.739867769152696,23.909291932040873,23.96969747365231,2936277
2014-10-15,23.51665687561035,24.72854395108075,23.342991111063192,24.524674693474005,3849123
2014-10-16,23.70542335510254,23.87153823915601,22.28211621069831,23.63746693885754,4917271
2014-10-17,24.81537628173828,24.8757803826455,23.59971170693762,23.705422483979508,4295602
2014-10-20,24.415185928344727,24.83802613357591,24.301927165053634,24.785171467967416,2557622
2014-10-21,25.106077194213867,25.22688827752788,24.21887053109253,24.283050789023598,2398670
2014-10-22,25.215559005737305,25.41565206321804,24.996588049098268,25.106073527417784,2426025
2014-10-23,25.362802505493164,25.453410102886373,24.675688891170537,24.992816922228556,2096632
2014-10-24,25.21933364868164,25.445854023176764,24.966383064805292,25.294839480059068,2302270
2014-10-27,24.675687789916992,25.638403190481807,24.252847553680354,25.634627033986238,2579522
2014-10-28,25.325048446655273,25.460961276844824,25.04944662978106,25.106077455753947,2345857
2014-10-29,25.2646427154541,25.725235898312047,25.162709527945285,25.528918956295083,1823339
2014-10-30,25.117401123046875,25.634625069491392,24.513345746402734,25.627072757079016,2639031
2014-10-31,25.85736656188965,26.000831678792338,25.374122312110533,25.559113621399707,2852041
2014-11-03,25.72145652770996,26.083889754091253,25.657276273951066,25.868694935916007,1465035
2014-11-04,25.419429779052734,25.99705781224306,25.26086578569915,25.6874792574447,1864436
2014-11-05,25.955530166625977,26.023486579004043,25.56289343737087,25.672378928444605,1603216
2014-11-06,26.317968368530273,26.665299928240504,25.796971028964933,25.898904226571496,2428647
2014-11-07,26.023488998413086,26.453878690033125,25.80074183921262,26.401024017754427,1742254
2014-11-10,26.43877601623535,26.47652894077252,25.846046171874896,25.978182847936747,1414134
2014-11-11,26.36704444885254,26.555811959100442,26.197154841774875,26.555811959100442,1106190
2014-11-12,25.770540237426758,26.359493923273327,25.698807664789317,26.295313663736408,1416653
2014-11-13,25.64217758178711,26.148076000746958,25.351476886981786,25.947982903231612,1596989
2014-11-14,25.593093872070312,25.762983442552226,25.36279732874674,25.751657855235166,1503642
2014-11-17,25.755435943603516,25.789412708104035,25.2495375893667,25.302392254387428,1260888
2014-11-18,26.33683967590332,26.457650748163115,25.76298492239693,25.76676107850719,2236965
2014-11-19,26.446327209472656,26.57468772353622,25.98573406067819,26.40857140617077,1190618
2014-11-20,25.981958389282227,26.4349992337279,25.69880714141282,26.427449801144633,1994751
2014-11-21,27.3486328125,27.45811829409508,26.095216888545526,26.110318632251374,3880126
2014-11-24,27.476999282836914,28.020650652903416,27.284455609211076,27.393941114591897,2618022
2014-11-25,27.933813095092773,28.020647410126227,27.40149025714382,27.465670514137067,2724393
2014-11-26,27.533628463745117,28.024425130124595,27.443020867619087,27.933814653635014,1769924
2014-11-27,27.70351791381836,27.737497562405533,27.208947973917333,27.586482982785544,1145360
2014-11-28,27.892284393310547,27.892284393310547,27.526077867670534,27.77902562303006,1764129
2014-12-01,27.79789924621582,27.896059146478482,27.43546601489594,27.609131758214012,1253063
2014-12-02,27.69974136352539,28.198087401113167,27.590255878251,27.93758735406847,1540585
2014-12-03,27.59780502319336,27.78279634724763,27.541174203072984,27.609130611144803,1687644
2014-12-04,27.08435821533203,28.133904981693004,26.982425039760518,27.718617086563857,2699682
2014-12-05,28.115036010742188,28.398187302032813,27.337314719047043,27.416596734964752,3170575
2014-12-08,26.359493255615234,27.333534234738906,26.1669496015179,27.333534234738906,6200587
2014-12-09,25.415653228759766,26.166946987833086,25.340147389389948,26.12541791207074,4092581
2014-12-10,25.31749153137207,25.695026462077234,25.117398478956403,25.513811308342,2637826
2014-12-11,24.887104034423828,25.472284378390277,24.807822037949702,25.192909312667663,2695014
2014-12-12,24.52845001220703,25.438307886724456,24.509572109598828,24.732319262848783,3746197
2014-12-15,24.199993133544922,25.272194040621205,24.1622402092906,24.445391461743224,3832740
2014-12-16,25.302396774291992,25.35902760560568,24.0338802666477,24.35478591045548,5449542
2014-12-17,25.35147476196289,25.536466097696245,24.758744952056833,25.015468856495573,2520838
2014-12-18,26.53693389892578,26.669070564902473,25.80073896500429,25.89889886559981,3875711
2014-12-19,26.317968368530273,26.963552967675554,26.246235786281726,26.755910415406213,3792887
2014-12-22,26.261329650878906,26.72569889702374,26.166945915353477,26.427445947119825,1228092
2014-12-23,26.869163513183594,26.899367002508686,26.253782540092068,26.363268028623068,1510334
2014-12-24,26.827632904052734,26.97864746169456,26.7143741460937,26.94844397409357,245174
2014-12-29,26.918249130249023,26.96732764783636,26.51428675827464,26.72570545602161,1329690
2014-12-30,26.404796600341797,26.9635467403319,26.404796600341797,26.804982744958753,996334
2014-12-31,26.601116180419922,26.75213075891138,26.401023088073234,26.61621792630542,271301
2015-01-02,26.552030563354492,26.97109453838745,26.336835782691306,26.869158501021197,1014438
2015-01-05,25.40810775756836,26.876718741033702,25.36280251866643,26.34816914196556,2845756
2015-01-06,25.0041446685791,25.67238036060551,24.939961528601327,25.5591187068692,2684524
2015-01-07,24.936187744140625,25.608199579024358,24.868231329356682,25.162708166632616,2129441
2015-01-08,25.94420623779297,26.027264400498133,25.136281550255806,25.359025822634624,2304921
2015-01-09,25.54401969909668,26.265110057419953,25.291069057876328,25.932880291534676,1960746
2015-01-12,25.664831161499023,25.98573534285524,25.279743839580735,25.695031773121933,1218469
2015-01-13,26.057464599609375,26.253784413870882,25.340150399303788,25.449635895648957,1714162
2015-01-14,25.328819274902344,26.057461868413636,25.27219133476568,25.562891988798892,2749739
2015-01-15,25.2080078125,25.7705369723131,24.434062878838105,25.51758636203738,4842150
2015-01-16,25.245765686035156,25.4156552785002,24.566201555448238,25.019242388930603,4824468
2015-01-19,25.65349769592285,25.7025790809335,25.21555866885863,25.42320115501079,2299519
2015-01-20,26.42745018005371,26.521833930696758,25.683705764128327,25.695031353347336,3483747
2015-01-21,27.28067970275879,27.325982058987837,26.401022468041187,26.521833551924384,4095568
2015-01-22,28.67378044128418,28.813469420144774,27.28067833041503,27.33353299693238,5826878
2015-01-23,29.096620559692383,29.817713748275224,28.851222248590666,28.934280404381706,4656575
2015-01-26,28.93050193786621,29.006010655447994,28.477461153827743,28.862545532224136,2967352
2015-01-27,28.48501205444336,29.00601215135616,28.201860829725778,28.847448156801484,2367272
2015-01-28,28.696434020996094,28.881425350727806,28.073500741280295,28.85877417412975,1901059
2015-01-29,28.82479476928711,28.91540235679831,28.224515541525893,28.46613769513128,1785279
2015-01-30,28.639808654785156,28.99846579427078,28.428389951961112,28.926736094591934,1581262
2015-02-02,28.42083168029785,28.794590488829957,27.964014718677905,28.666229983412887,3224132
2015-02-03,29.285385131835938,29.353341536137336,28.617149556508032,28.658678630267943,2590022
2015-02-04,29.26273536682129,29.26273536682129,28.956930092552383,29.1532498834859,1834621
2015-02-05,29.436405181884766,29.48548369623943,28.703986340984237,28.862550353850267,1495733
2015-02-06,29.107942581176758,29.519457153432434,28.858771024701092,29.519457153432434,1620476
2015-02-09,28.881425857543945,28.972033445889416,28.515216467511728,28.805920013983265,1659766
2015-02-10,29.30803871154785,29.519460253592356,28.94560548565287,29.039989228241037,1566158
2015-02-11,28.949378967285156,29.304262728345943,28.836117334498066,29.243855756096032,1346863
2015-02-12,29.583635330200195,29.80260626597254,28.80968762427089,28.84366726344516,2273385
2015-02-13,30.044235229492188,30.187697488923742,29.57986592390671,29.825264243757136,2615414
2015-02-16,30.406667709350586,30.482173553390275,29.893219904863393,30.00648155128625,2064740
2015-02-17,30.402891159057617,30.61053654802093,29.863016028116284,30.27830392567963,1637437
2015-02-18,30.814409255981445,30.867263928157932,30.37646725181786,30.59543825389965,1444411
2015-02-19,31.154190063476562,31.448669812575577,30.504832217724736,30.704925326974912,2688181
2015-02-20,31.33917808532715,31.354279829490824,30.803076248787786,31.02582337474803,2486071
2015-02-23,31.441110610961914,31.675183320137215,31.207040782149736,31.62987808857851,1461632
2015-02-24,31.4222354888916,31.63743029745784,31.022046479003258,31.437334352332115,1963139
2015-02-25,31.067352294921875,31.48264017606404,30.72379409774258,31.422236080076193,2085600
2015-02-26,30.4293212890625,30.77287953140466,29.99893160725518,30.368917185134155,3019410
2015-02-27,30.380245208740234,30.55013482503696,30.00648632466917,30.334939966891344,3718563
2015-03-02,30.108413696289062,30.682265580256637,29.99515205375021,30.323608512822304,2953254
2015-03-03,29.613845825195312,30.37268908861046,29.545889411120164,30.10841574518679,2301108
2015-03-04,29.79883575439453,29.79883575439453,29.262736780058564,29.662922932680726,2411782
2015-03-05,30.191471099853516,30.27075309551529,29.647819837757748,30.002703620555057,2636888
2015-03-06,30.376462936401367,30.784201389863632,30.10086402497159,30.202797198155555,2565277
2015-03-09,30.338708877563477,30.606758346995385,30.131063502472447,30.3915635402479,2113251
2015-03-10,30.066884994506836,30.52370196581669,29.88944309648498,30.33871063570089,1923969
2015-03-11,30.731348037719727,30.882362606232917,30.040458331017124,30.112190899142636,2327194
2015-03-12,30.372692108154297,30.889916137833655,30.282084507167358,30.602988707617364,2212294
2015-03-13,30.63318634033203,30.64828808433438,30.157491485529153,30.44441886084743,2446810
2015-03-16,31.071128845214844,31.218367251484416,30.636963058364195,30.776649152312494,2765066
2015-03-17,30.957868576049805,31.17306340093708,30.399115534390504,31.17306340093708,2658448
2015-03-18,31.09000587463379,31.09000587463379,30.640741194831097,30.961645360508275,2221805
2015-03-19,30.840839385986328,31.42979314665771,30.754005056479304,31.120214518565845,2400257
2015-03-20,31.380706787109375,31.52416903440708,30.750221217345242,30.84083168124572,3198243
2015-03-23,30.62186050415039,31.335401340388007,30.372686050676617,31.335401340388007,2785658
2015-03-24,31.346731185913086,31.422239915568678,30.463300651669016,30.512379165672517,2757869
2015-03-25,30.92766571044922,31.346729780061974,30.776651138274314,31.30520070070479,2260688
2015-03-26,30.629409790039062,30.765322603947826,30.07820910268158,30.610534770551418,2308094
2015-03-27,30.92011260986328,31.10132777068439,30.569004995363958,30.66338873173084,2311419
2015-03-30,30.931446075439453,31.199495609348585,30.757780301936233,31.105111848942673,2073282
2015-03-31,30.87858772277832,31.395811705138605,30.821956897206057,30.889913311820084,2004324
2015-04-01,31.33917808532715,31.63743105174259,30.61430876728661,30.68226517584156,2325911
2015-04-02,31.565698623657227,31.765791694056272,31.165512482859135,31.622329444425286,1458269
2015-04-07,31.882823944091797,32.048940236350795,31.595899468833643,31.641201817367584,1725804
2015-04-08,32.109352111816406,32.264139960217506,31.845075890103136,31.909256147236192,2158349
2015-04-09,32.5133171081543,32.58882296035446,32.07537510037516,32.30567169405839,1488334
2015-04-10,31.728036880493164,32.52463583877243,31.407132755773027,32.47555445286591,3227658
2015-04-13,31.96588897705078,32.15465648424541,31.60723186552642,31.777121469856155,1680164
2015-04-14,31.48641586303711,32.033840396336686,31.26744489757203,31.856398506403366,2254519
2015-04-15,31.524173736572266,31.68273775150489,31.29765330375943,31.524173736572266,1647204
2015-04-16,31.127758026123047,31.467540085039147,31.033374280888758,31.376932496115963,2122602
2015-04-17,30.663393020629883,31.274997874400306,30.474625521493145,31.067355353567965,2611728
2015-04-20,31.127758026123047,31.14285977100413,30.64451371138162,30.753999201496992,1370908
2015-04-21,31.233476638793945,31.554380862258437,31.0145056137047,31.15419174183508,2026385
2015-04-22,31.16173553466797,31.558145509242387,30.71624417250592,31.320299524497738,1745265
2015-04-23,30.516157150268555,31.210820222531613,30.2179041310805,31.086232971409316,2518944
2015-04-24,31.010726928710938,31.108886842363685,30.618090154463626,30.652069804728054,1891374
2015-04-27,31.46753692626953,31.648754966288223,30.512373981237687,31.02959789013249,2111224
2015-04-28,30.576562881469727,31.426016743649452,30.4331005994548,31.373162067098487,2207608
2015-04-29,30.20279884338379,31.599677137744948,30.029133095677935,31.441113135104388,3139971
2015-04-30,30.731348037719727,30.833281215257223,29.972501919204355,30.233001977880523,2669534
2015-05-04,31.063579559326172,31.29765229791617,30.421771206922305,30.776652150790607,1493833
2015-05-05,30.50105094909668,31.497743051791968,30.43687069469025,31.18438833153008,2149267
2015-05-06,30.50860023498535,30.708693309742277,30.1121902417018,30.42931823632864,1759216
2015-05-07,30.304729461669922,30.482171350740852,29.5874153540362,29.9913776392211,2405055
2015-05-08,31.27122688293457,31.388261819233538,30.519930107619416,30.580337094330925,2095002
2015-05-11,31.14663314819336,31.305197134751573,30.972967418101543,31.154182579778627,1168965
2015-05-12,31.040922164916992,31.139082052457955,30.36135814403787,30.806849473200202,2091346
2015-05-13,31.02204704284668,31.573247740063458,30.889910382617174,31.105105195094705,1954831
2015-05-14,30.840839385986328,30.931446992159493,30.21035365871257,30.557688096376797,2911842
2015-05-15,30.70492172241211,31.22969513311501,30.493500167337714,30.920116553561044,2250355
2015-05-18,31.025819778442383,31.040921520855566,30.40666274131612,30.863479647954225,2237219
2015-05-19,31.728036880493164,31.777115386036662,31.10132749401779,31.12775482475091,2632434
2015-05-20,32.109352111816406,32.143328878405654,31.463764742986832,31.663860707567046,1917648
2015-05-21,32.63789367675781,32.73227740963492,32.10179476530296,32.15842558110181,3209564
2015-05-22,32.70586013793945,32.81912180436942,32.50954318053984,32.641679871132254,2133667
2015-05-25,32.5133171081543,32.539744444460716,32.286793790826536,32.4415845323096,255522
2015-05-26,32.566162109375,32.9474702942189,32.15087428487764,32.4793278128053,2453427
2015-05-27,33.06451416015625,33.22307816008766,32.49443553522575,32.72473210290087,2698638
2015-05-28,32.894615173339844,32.947469829510595,32.46800176842944,32.84176051716909,2058298
2015-05-29,32.03761291503906,32.87951415717,31.999859999850003,32.754929825082385,3910609
2015-06-01,31.950780868530273,32.38872278058974,31.784667453924097,32.30566463310515,1927056
2015-06-02,31.784669876098633,32.23016125353161,31.45998957320528,32.22260894116857,2932122
2015-06-03,32.02251434326172,32.31699114339881,31.67140672455294,31.807319536979765,2022431
2015-06-04,32.0489501953125,32.47933992230294,31.3165312758821,31.947016999073227,3300567
2015-06-05,32.15842819213867,32.44157941375986,31.728038565703514,31.92813163479105,3109462
2015-06-08,32.113121032714844,32.430251879689145,31.909251819737722,32.15465010648961,3336231
2015-06-09,31.65630340576172,32.06404182275403,31.410905124403595,31.928129017089926,4013505
2015-06-10,31.840251922607422,31.989703388309923,30.771120944052523,31.17348127910029,3396211
2015-06-11,32.020347595214844,32.3767254543035,31.61415454509597,31.7137878507547,2786950
2015-06-12,31.44171905517578,32.119985174736954,31.039355865260713,32.07016997707835,2977752
2015-06-15,31.02785873413086,31.32292291477349,30.83242494385672,31.081506766974975,2590172
2015-06-16,31.169639587402344,31.3037625845888,30.430062763959526,30.809431807422587,3212758
2015-06-17,30.836257934570312,31.253946610015305,30.717466278911377,31.24628385825605,2234171
2015-06-18,31.00103187561035,31.112160768770426,30.326595765631176,30.859246131178892,3397923
2015-06-19,31.135150909423828,31.648639994941366,31.00486368125305,31.142813660187578,2036864
2015-06-22,32.75609588623047,32.86722185153097,32.00118776331088,32.139140665143806,3849993
2015-06-23,33.14313507080078,33.32324045091353,32.90555173839571,32.99368654764314,2942258
2015-06-24,32.7944221496582,33.36155937366086,32.59515550715012,33.104814780043455,3110381
2015-06-25,32.913211822509766,33.177622076013506,32.42271384538871,32.526177074725766,2347490
2015-06-26,32.821250915527344,33.05117152401807,32.30775873041887,32.698626396092344,1880805
2015-06-29,31.53751564025879,31.978195459842386,31.050847619350655,31.345914701796946,3385032
2015-06-30,30.863082885742188,31.660143578374488,30.863082885742188,31.47237253320337,3675908
2015-07-01,31.840251922607422,32.211958320412855,31.0393611674177,31.288443045456315,3336720
2015-07-02,31.36507797241211,31.970537734799922,31.357415220052225,31.9667048968206,1722341
2015-07-03,31.09300422668457,31.36507724493094,30.874579244509388,31.303766456677597,1800077
2015-07-06,30.46072006225586,30.87457884105292,30.08518381466489,30.318937221748488,3448238
2015-07-07,29.311111450195312,30.541189153787055,29.30728153632501,30.46071710853508,3958991
2015-07-08,29.7939453125,30.05452270034425,29.326438564579583,29.387752266942112,2953391
2015-07-09,30.495208740234375,30.663815592812778,29.790115704620447,29.96638823262429,2785329
2015-07-10,31.591163635253906,31.67929842963677,31.146648055172054,31.51835434316505,2898393
2015-07-13,32.22727966308594,32.46486589695643,31.909221379904118,32.0701684021253,2227051
2015-07-14,32.18129348754883,32.30774787940779,32.039507746860686,32.26559544092208,1377441
2015-07-15,32.081661224365234,32.18129452979446,31.579667707084237,32.116147989553276,2296369
2015-07-16,32.8748893737793,33.01667512074363,32.23111010357098,32.37672576431396,2331699
2015-07-17,33.062660217285156,33.21594156549611,32.77909162343395,33.03966903831301,1923364
2015-07-20,33.13163375854492,33.44585917907137,33.05499455299146,33.18144894979484,1287939
2015-07-21,33.00900650024414,33.41136960456656,32.863390852495996,33.28107945776197,1868376
2015-07-22,32.89405059814453,33.03583635754291,32.5836579861519,32.69095405332967,1496395
2015-07-23,32.60664367675781,33.17378369528958,32.552995652199165,33.15079252007818,1655233
2015-07-24,32.14680480957031,32.813575248271384,32.081661192991106,32.52617384425906,1887533
2015-07-27,31.491533279418945,32.104655754567325,31.368908784389266,32.01268811419471,1829275
2015-07-28,32.12765121459961,32.19279777032594,31.526024248884386,31.694634048366016,2488312
2015-07-29,32.17363357543945,32.47636344987485,31.932217412909367,32.18896200341578,1851663
2015-07-30,32.71394729614258,32.71394729614258,31.978197425293562,32.5491703619939,2464932
2015-07-31,33.08182144165039,33.13163663722857,32.57216220200247,32.710115122863535,1784195
2015-08-03,33.18144607543945,33.292574960384194,32.76375747123844,33.043496102112854,1612215
2015-08-04,33.09715270996094,33.219777214186244,32.905551739383974,33.18912035723022,1073425
2015-08-05,33.763919830322266,33.90953550063517,33.127803269463705,33.15462728566868,2501516
2015-08-06,34.0858039855957,34.36554262738277,33.58381048884699,33.702602128878056,2488515
2015-08-07,33.384552001953125,33.959354876427255,33.38071916418235,33.9286980214583,1890219
2015-08-10,33.86355209350586,33.924862875673995,33.288749258137344,33.55698941186996,1423207
2015-08-11,33.365386962890625,33.83672655303172,33.2772492457234,33.81373245260646,1568402
2015-08-12,31.93221664428711,32.94003663978272,31.844078916444417,32.94003663978272,3217453
2015-08-13,32.522342681884766,32.75226321154753,32.31541332810883,32.560662282895535,1639645
2015-08-14,32.48786163330078,32.84807241050155,32.227284184100014,32.457204774900944,1202051
2015-08-17,32.59515380859375,33.07415620020181,32.077831810376765,32.790587602977446,1326737
2015-08-18,32.46486282348633,32.65646375806914,32.33074275399802,32.49934958838408,935816
2015-08-19,31.8172550201416,32.30775301104984,31.78659816481018,32.26943340368488,1433627
2015-08-20,31.066177368164062,31.778933123481576,30.955048468292144,31.67163706114964,1757584
2015-08-21,30.39940643310547,31.158144533042208,30.311268712608584,30.656150996033638,2946322
2015-08-24,28.709482192993164,29.90890586682255,27.80129567033814,29.391581025170602,5544426
2015-08-25,30.196313858032227,30.353425132206592,28.93557913225786,29.157834034172847,3997656
2015-08-26,30.269115447998047,30.69830260276712,29.360928870539688,29.767121924640108,3296372
2015-08-27,31.138988494873047,31.430219845874692,30.855416972205013,30.9780414683106,3324900
2015-08-28,31.230955123901367,31.25394630255149,30.878410074473116,31.093002204803618,2160212
2015-08-31,31.395729064941406,31.430215829627436,30.874574292187727,31.03935121186129,1467200
2015-09-01,30.468385696411133,30.916731244364236,30.14266464679389,30.771115566214984,2937299
2015-09-02,30.771116256713867,30.985708402717364,30.272952576521494,30.64465891770521,2119857
2015-09-03,31.422557830810547,31.694630846562557,30.9167314070634,31.05085149601176,2357750
2015-09-04,30.617835998535156,31.058518820124604,30.426235025983118,31.035524715371157,2567051
2015-09-07,30.909061431884766,31.265436331981988,30.705962003397747,31.142811861656646,1346994
2015-09-08,31.491533279418945,31.89772637103001,31.25394704122457,31.280771058149856,2028674
2015-09-09,31.92072296142578,32.53767832238569,31.89006610437961,32.24644402764466,2102650
2015-09-10,31.648643493652344,32.14297429510898,31.568171445545236,31.67930034729271,1476405
2015-09-11,31.280771255493164,32.04334517100599,31.138988418107278,31.813421683226057,1865145
2015-09-14,30.955047607421875,31.541346020000834,30.901399577747874,31.280768622899256,1760446
2015-09-15,31.48387336730957,31.633321892744362,30.774947426515126,31.161982211573896,1650402
2015-09-16,31.974367141723633,32.005021071472584,31.572003981434772,31.744443665216597,1559603
2015-09-17,32.07017135620117,32.096995375109124,31.663975310968087,32.03568166126308,1452453
2015-09-18,31.307592391967773,31.88622804873595,30.970375790435778,31.794260416245102,3791507
2015-09-21,31.617992401123047,31.786599264079502,31.269277237765486,31.299934094157113,1210352
2015-09-22,30.376415252685547,31.57583914684011,30.299776037265495,31.57583914684011,2792425
2015-09-23,30.058361053466797,30.7481227900297,30.000880177853524,30.27295320391764,3415721
2015-09-24,28.812950134277344,30.1081714290581,28.475730610629157,30.00853812219856,5112880
2015-09-25,29.81694221496582,29.966390738675933,29.230643710626328,29.291957424763197,3255890
2015-09-28,29.26512908935547,29.816937817205897,29.150167354104177,29.705808919422548,2922544
2015-09-29,29.127178192138672,29.56402813856687,28.625181698640702,28.755471869181672,2875865
2015-09-30,29.66748809814453,29.88974588459097,29.357095518740604,29.755625814700274,2344928
2015-10-01,29.268959045410156,30.230796599363902,29.13867180729606,30.154157391484834,3015235
2015-10-02,29.617677688598633,30.18098499667094,29.069698808645157,29.552534061792663,2153759
2015-10-05,30.878408432006836,31.0853377996466,30.081347813749613,30.211635050634825,2455854
2015-10-06,31.054683685302734,31.326756695372605,30.575681289349024,30.8784111544236,1319002
2015-10-07,31.200300216674805,31.69079821580485,31.081508554772626,31.36507716234493,2143904
2015-10-08,30.88990592956543,31.322923031593167,30.74045741985681,31.112163737090547,2697600
2015-10-09,30.376415252685547,31.207965650346274,30.364919662732405,31.207965650346274,2836770
2015-10-12,30.02386474609375,30.58333910340476,29.916568694499603,30.410899438142472,2042948
2015-10-13,29.94723129272461,30.100512648822495,29.46822888216791,29.905078846707724,2302948
2015-10-14,29.571693420410156,29.84376645077141,29.318781656755558,29.744136049973537,2243641
2015-10-15,29.920406341552734,30.173318086167814,29.602348049198646,29.832268614375614,1815340
2015-10-16,29.56019401550293,30.142662534479456,29.36476022998858,30.142662534479456,2032826
2015-10-19,29.395416259765625,29.843761763738815,29.284287362237517,29.426073112242005,1017185
2015-10-20,28.418256759643555,29.046707695987028,28.299462172345365,28.920250356410925,3181478
2015-10-21,28.77079963684082,28.962400588726656,28.004395829297472,28.307125684108914,2586086
2015-10-22,29.15016746520996,29.291953216080522,28.20365833530828,28.632845501804127,2975010
2015-10-23,30.33043098449707,30.65231917732663,29.364760558811433,29.399250250099445,3419449
2015-10-26,29.997041702270508,30.21163381239135,29.636831011483466,30.203971061429133,1634731
2015-10-27,29.552536010742188,30.138834537858962,29.552536010742188,29.928072291824016,1464108
2015-10-28,30.21930503845215,30.357257969900832,29.498886448130296,29.64833496993324,1781457
2015-10-29,28.740142822265625,28.912582509759815,28.25730760424398,28.809119281983005,4884242
2015-10-30,29.261295318603516,29.299614921265626,28.74780328741676,28.80911699055476,3160691
2015-11-02,29.839935302734375,29.977888231242613,28.805288338922594,28.843607947152947,3114561
2015-11-03,30.004711151123047,30.288279749966854,29.847596962451014,29.970221458459033,2173438
2015-11-04,29.80544662475586,30.502874043276137,29.80544662475586,30.17715297681755,2085784
2015-11-05,30.05452537536621,30.410903262172862,29.64833229365485,29.916572456370183,1771687
2015-11-06,31.10832977294922,31.330587572426133,30.092844172358458,30.14266228952305,2897193
2015-11-09,30.52586555480957,31.288436537124014,30.460719008172784,31.15431645333985,2048761
2015-11-10,30.11200523376465,30.640822789748473,29.92806704008422,30.594837510428764,2106959
2015-11-11,30.357254028320312,30.591007413835705,30.15415749550165,30.196309937060057,1125402
2015-11-12,29.77861976623535,30.583343184164484,29.74030016035273,30.219302542881803,1326445
2015-11-13,29.721139907836914,29.905078115375886,29.28812279177867,29.759462438623228,1773299
2015-11-16,29.951059341430664,30.058355396462893,29.395414879873442,29.422238893631498,1166555
2015-11-17,30.920557022094727,31.012524643947945,30.16948177583112,30.234625386160566,1665750
2015-11-18,30.89373779296875,31.01252944473487,30.564183929748115,30.698304008128968,1199686
2015-11-19,31.349746704101562,31.568171671555646,31.115993309717553,31.115993309717553,1586091
2015-11-20,31.430217742919922,31.625651525499002,31.054681527797584,31.480035859741132,1541865
2015-11-23,31.173477172851562,31.457045789285118,31.0661810976388,31.42255901808049,1169607
2015-11-24,30.771116256713867,31.043189277139366,30.387914325365493,31.03935643921824,1527425
2015-11-25,31.146644592285156,31.3765651079105,30.721290322759184,30.870738804095556,1411301
2015-11-26,31.863239288330078,32.001192209329204,31.058515864900876,31.070011454384378,1298395
2015-11-27,31.648643493652344,32.012687052535135,31.529851840294018,31.725285627753262,1024418
2015-11-30,32.05867385864258,32.18512826962962,31.56434303366113,31.614158230498536,1649820
2015-12-01,31.518362045288086,32.234950781974476,31.426394391058494,32.185132654750895,2307286
2015-12-02,31.671630859375,31.90538420236797,31.353572648601244,31.644806849044556,1301539
2015-12-03,30.403236389160156,32.277096311102376,30.31126875465204,31.671636626427293,3584289
2015-12-04,30.510536193847656,30.648489111117684,30.023868145812152,30.19631075419892,2320847
2015-12-07,30.955047607421875,31.26927303419745,30.537358958731684,30.656150606781488,1659221
2015-12-08,30.345760345458984,30.993369588662663,30.096678517950537,30.92439312756184,2121895
2015-12-09,29.763286590576172,30.644652003251537,29.629166529585934,30.42622706861085,2579418
2015-12-10,29.671323776245117,30.0391972561369,29.433737541407314,29.6215085808301,1975933
2015-12-11,29.541030883789062,29.744130331597226,28.989222176629664,29.67515387775252,2691552
2015-12-14,29.184656143188477,30.157986330916312,29.111846851537056,29.751793279804776,2011152
2015-12-15,30.108173370361328,30.23079786224948,29.215312235638997,29.406913186939146,3050808
2015-12-16,30.123506546020508,30.53353252949611,29.96639233785934,30.20014576918271,2484631
2015-12-17,30.426231384277344,30.97421021713271,30.426231384277344,30.809433283516103,2378609
2015-12-18,30.188644409179688,30.529693857197,29.931899844689966,30.11583511456979,4005295
2015-12-21,29.889747619628906,30.774943055889498,29.889747619628906,30.123501007977982,1453443
2015-12-22,29.889747619628906,30.257621085654065,29.625337378211462,30.058357387906515,1078189
2015-12-23,30.62932586669922,30.725126335077036,30.157986275897123,30.157986275897123,1090414
2015-12-24,30.55268669128418,30.640821485062837,30.330428902766933,30.387909768569433,282678
2015-12-28,30.265289306640625,30.80943533818491,30.104342276292012,30.65615398354744,606939
2015-12-29,30.81709861755371,30.928227528477237,30.464553542374826,30.464553542374826,925760
2015-12-30,30.797937393188477,30.970377076720503,30.602503607879985,30.81709573380401,830383
2016-01-04,29.74412727355957,30.303601597847035,29.514203835317133,30.17714429153329,2222654
2016-01-05,29.763286590576172,29.966383100589677,29.28811712152588,29.839928713712062,1391223
2016-01-06,29.196155548095703,29.832269222165166,28.881930087112284,29.767125596697564,1471625
2016-01-07,27.93924903869629,28.21515192229867,27.391270261505785,27.97373580279727,4158406
2016-01-08,27.682506561279297,28.307127577305163,27.61353009704327,28.0158932923532,2186089
2016-01-11,27.701662063598633,28.2956231764309,27.701662063598633,28.096359500984782,1973052
2016-01-12,28.173004150390625,28.475734021013697,27.552218904959844,27.674843403627538,2345038
2016-01-13,28.065704345703125,28.736307623113607,28.008223480062572,28.45273905584469,2105898
2016-01-14,27.529226303100586,27.78214098992249,26.96975181468711,27.74765421822795,3303210
2016-01-15,27.176677703857422,27.556049685067503,26.877780693399863,27.3874399156408,3392801
2016-01-18,27.30313491821289,27.728489253984502,27.096205544843045,27.096205544843045,2306706
2016-01-19,28.13085174560547,28.387596306567207,27.76680820115679,27.843450332218893,3005195
2016-01-20,27.207334518432617,27.42575948142539,26.80880419718996,27.32612617021512,2498790
2016-01-21,27.659513473510742,27.90092961988806,27.065549354463712,27.18434393243222,3293437
2016-01-22,28.655838012695312,29.134840394356036,27.981401840709427,28.12702043583734,3483524
2016-01-25,28.04654884338379,28.839776683390422,27.923924348625228,28.77080022236382,2458867
2016-01-26,28.29179573059082,28.498725098294095,27.444919919781974,27.582872831584154,2082205
2016-01-27,28.602188110351562,28.617516536394636,28.14234702345264,28.47190087438292,1293549
2016-01-28,28.43358039855957,28.920248458838888,28.20365983852457,28.471902928230854,2177952
2016-01-29,29.073532104492188,29.073532104492188,28.491063521197596,28.835945850306395,1896315
2016-02-01,28.701824188232422,29.138674140032176,28.468070784809917,29.138674140032176,1496527
2016-02-02,27.820457458496094,28.69415732596182,27.625023670163447,28.61751811511688,2116123
2016-02-03,27.322298049926758,27.74765241477315,26.862453992028666,27.678675952268364,2333071
2016-02-04,27.38360595703125,27.7553122479056,26.81646881261131,27.713159807274593,2046753
2016-02-05,27.218830108642578,27.693999639391045,27.12686247253607,27.44108790919854,2152400
2016-02-08,25.440773010253906,27.207333940865585,25.367963716269124,27.092372205478913,3499459
2016-02-09,24.858308792114258,25.586390077488176,24.30266427207804,25.41395038855194,3363042
2016-02-10,25.463764190673828,25.77032686933952,24.831483416773196,25.172532861899633,2557439
2016-02-11,24.578569412231445,25.065237458092845,24.118726843985364,25.065237458092845,2835219
2016-02-12,25.298988342285156,25.298988342285156,24.728018325589556,24.85830849284271,2857695
2016-02-15,25.938934326171875,26.260822478881433,25.781820163350698,25.866125038659806,1812484
2016-02-16,25.9504337310791,26.253163589855546,25.735841597707868,26.14203468547443,1605561
2016-02-17,27.10770034790039,27.18434247855504,26.01174273012487,26.01174273012487,2255718
2016-02-18,27.061721801757812,27.4295953098794,26.854792405264654,27.32229923546045,1752188
2016-02-19,27.08470916748047,27.24182041900786,26.755155314698126,27.046389563956595,1657911
2016-02-22,27.663341522216797,27.73998072010456,27.241817163040132,27.24565000001392,1573454
2016-02-23,27.165185928344727,27.686340812827027,27.134529070763683,27.448754551972232,1166864
2016-02-24,26.636363983154297,27.065548225478068,26.32596846664699,27.06171831159902,2432612
2016-02-25,27.234161376953125,27.444923610437133,26.84329669001766,26.977416782417144,1703411
2016-02-26,27.05788803100586,27.663347771324776,26.6325336623665,27.594371308204916,2972947
2016-02-29,27.414264678955078,27.414264678955078,26.383450617283177,26.686180473555556,2850570
2016-03-01,27.95841407775879,28.004399364511933,27.360619967962272,27.433426350822824,1944978
2016-03-02,28.20366096496582,28.40292760226037,27.96607764366672,28.12318891191948,1833589
2016-03-03,28.544708251953125,28.629013136369007,28.153843606641285,28.280300933265103,1802167
2016-03-04,28.8551025390625,29.031375051843273,28.571531044781928,28.828278524587127,1808686
2016-03-07,28.544708251953125,28.80528565669383,28.36460289408255,28.694156756654575,1164934
2016-03-08,28.491058349609375,28.954732259847365,28.14234616940649,28.34544269201671,2247557
2016-03-09,28.46807098388672,28.77463076568721,28.32628522100986,28.445079804241306,1295827
2016-03-10,27.946910858154297,29.74412845867588,27.946910858154293,28.544704804767836,3672395
2016-03-11,29.042871475219727,29.119510683467105,28.26113927198323,28.4757313939546,2190623
2016-03-14,29.15016746520996,29.406912028171604,29.016047389304504,29.215311084421412,1103999
2016-03-15,29.11185073852539,29.15017034634317,28.866601740173195,28.95473654579422,1216270
2016-03-16,28.858932495117188,29.406911297572425,28.759302111833193,29.17699075550413,1376947
2016-03-17,28.816781997680664,29.364760837084468,28.356940882538364,29.123344690174537,2004181
2016-03-18,29.027544021606445,29.188488118478446,28.583028412799784,28.878095513996943,3048281
2016-03-21,28.885759353637695,29.27662694487594,28.755472105624015,28.8780966017069,989075
2016-03-22,29.096519470214844,29.096519470214844,28.39525931357315,28.720980333624713,1328010
2016-03-23,28.881927490234375,29.33793575110493,28.736308900989687,29.13100637975595,1445708
2016-03-24,28.21898651123047,28.598355557881852,28.11552328890677,28.598355557881852,1562628
2016-03-29,28.63284683227539,28.77462966613573,28.39526059848991,28.39526059848991,1224701
2016-03-30,29.6866512298584,29.889747766134587,28.778461687545793,28.786127362649673,2164856
2016-03-31,29.68282127380371,29.682821273803714,29.14633798479156,29.50654873608234,2439224
2016-04-01,29.410749435424805,29.533373941534087,29.08502836515941,29.376262663518524,2203148
2016-04-04,29.552536010742188,29.805447782385205,29.054372296622635,29.24214043716355,1443644
2016-04-05,28.755470275878906,29.104182476713714,28.640508539041967,29.05820012085767,1895578
2016-04-06,28.759302139282227,28.95856582963872,28.48722623289028,28.94323740367309,1369411
2016-04-07,28.90108871459961,29.199985750731074,28.709487750556494,28.73248185428878,1950826
2016-04-08,29.655994415283203,29.84759536275168,28.893423462966222,28.893423462966222,2456338
2016-04-11,29.606172561645508,29.947221937533815,29.24212908918647,29.56785296549134,1528344
2016-04-12,29.68282127380371,29.782454594637088,29.249804143548953,29.70581245415037,1375701
2016-04-13,30.71746063232422,30.748114557324868,30.004704982194678,30.004704982194678,2210928
2016-04-14,30.88606834411621,31.024021243194888,30.49137090870703,30.820924731661858,2122028
2016-04-15,30.633159637451172,30.939719391442264,30.548854754934155,30.705966007589936,1275120
2016-04-18,30.901397705078125,30.966541319506135,30.15798516236409,30.215466025988047,1331451
2016-04-19,30.939722061157227,31.257780354971068,30.725129922486985,30.83625882961225,1702609
2016-04-20,31.173477172851562,31.24245363885959,30.736627196000295,30.736627196000295,1495888
2016-04-21,31.192636489868164,31.33058941326285,30.820930164254623,31.219460506994984,1370579
2016-04-22,31.200300216674805,31.407229608232544,31.07767571689229,31.234789910400437,1115094
2016-04-25,31.07384490966797,31.276944400216486,30.809437550619794,31.161982645083278,968904
2016-04-26,31.016361236572266,31.441715559095332,30.85541422434313,31.257777369518465,1183786
2016-04-27,31.468534469604492,31.55666925087404,30.90906016397034,30.90906016397034,1175833
2016-04-28,31.188806533813477,31.537521712280483,30.495211938593034,31.468545244210024,2293380
2016-04-29,30.65231704711914,30.870741998102005,30.499035712977175,30.74811751550809,2168601
2016-05-02,30.794103622436523,31.001032990563203,30.571845828122868,30.863080078478752,815536
2016-05-03,30.269115447998047,30.751950631663465,30.207804667944355,30.663812913563294,1231752
2016-05-04,29.45673370361328,29.61001213825383,29.257467060822584,29.498886150219054,3816514
2016-05-05,29.49888038635254,29.617672027067563,29.249798593332304,29.506543137147823,1613132
2016-05-06,29.3341064453125,29.445232422905136,28.916414856449506,29.353264786042953,1914264
2016-05-09,29.399253845214844,29.62534159064508,29.28812492973938,29.55636512323268,1597585
2016-05-10,29.567861557006836,29.813110551972688,29.36476208353948,29.67132478904611,1699786
2016-05-11,29.50654411315918,29.594681830010295,29.272790737595646,29.456728922346624,1926671
2016-05-12,29.353261947631836,29.751792233628706,29.119508578695232,29.372423210107893,1873851
2016-05-13,29.49505043029785,29.59085090438685,28.920247585763835,29.19998333288859,1615930
2016-05-16,29.479726791381836,29.544870422678635,29.06586797443936,29.25746895373507,625581
2016-05-17,29.307287216186523,29.851433298261274,29.085029377502828,29.682823500142753,1799654
2016-05-18,29.380088806152344,29.468226529040138,29.031376599384124,29.21148195914727,1308022
2016-05-19,29.32644271850586,29.53720494573253,29.154003022483064,29.3341083941861,1357889
2016-05-20,29.721139907836914,29.8207732254038,29.47589091351737,29.648333531259897,2122201
2016-05-23,29.613842010498047,29.859090989680762,29.376258706438918,29.698146895266813,1273831
2016-05-24,30.173316955566406,30.334263976398308,29.414578826552653,29.594684188332245,2124794
2016-05-25,30.318931579589844,30.587171706522767,30.288274729769476,30.33042716737295,1716567
2016-05-26,30.610166549682617,30.78643907187286,30.299773947956155,30.299773947956155,1791711
2016-05-27,30.698305130004883,30.698305130004883,30.54119094416094,30.62166591772887,1557963
2016-05-30,30.671483993530273,30.786442822739417,30.4530590020742,30.671483993530273,734027
2016-05-31,30.748123168945312,30.847756492996197,30.57951630162706,30.763451597537664,2373448
2016-06-01,30.621662139892578,30.85158267195356,30.407067109517236,30.771110631912126,1460171
2016-06-02,30.594837188720703,30.786438131807177,30.418564671912954,30.59867002618998,1325223
2016-06-03,30.52202796936035,30.951212170709514,30.341922631895,30.656148032281965,2383496
2016-06-06,30.933366775512695,30.94523179601737,30.541806011090735,30.545762023776803,1927142
2016-06-07,31.28537940979004,31.562242990351542,31.044113911645994,31.091577015684663,1967544
2016-06-08,31.146947860717773,31.340750246936093,30.992696550811846,31.17067790299447,1409414
2016-06-09,30.984785079956055,31.158813439911885,30.731654565958717,31.13903941017838,1540057
2016-06-10,30.162113189697266,30.88986268166481,30.079055020563175,30.877997660010486,1684214
2016-06-13,29.632116317749023,29.932709914290967,29.52137210258977,29.86547278616621,1515868
2016-06-14,29.034893035888672,29.41458884493004,29.01115997325517,29.31175362032903,2234242
2016-06-15,29.181230545043945,29.5332402740217,29.169365523232944,29.260335719707065,2051722
2016-06-16,28.884592056274414,29.034890374813386,28.663103609021753,28.872727034822134,2133232
2016-06-17,29.256380081176758,29.647940893722584,29.038844620010238,29.15750087474723,4180986
2016-06-20,30.502254486083984,30.56157958773057,29.865472242947067,30.019723542335164,1862450
2016-06-21,30.77515411376953,30.866124284421257,30.332177331612982,30.522023661807783,1590393
2016-06-22,30.984785079956055,31.26560466717705,30.767252647565023,30.980832084541607,1437812
2016-06-23,31.633434295654297,31.71253644689223,30.96500995274527,31.202319424012714,1802406
2016-06-24,28.144981384277344,28.979519188012908,27.172007247067512,27.836475696777974,7270201
2016-06-27,25.716501235961914,27.559610988705987,25.53851988140761,27.29065944162263,6666266
2016-06-28,26.50753402709961,26.6973834146608,26.072466160149197,26.384924787404998,3778884
2016-06-29,27.195735931396484,27.298568126449577,26.732978983442766,26.879321285323446,2869309
2016-06-30,27.175960540771484,27.22737664143177,26.70134156028826,27.05730730442762,2537494
2016-07-01,27.662445068359375,27.749459244370744,27.049392841045528,27.35789545231958,2149489
2016-07-04,26.990068435668945,27.856251284704744,26.926787310118062,27.82856522648485,1272066
2016-07-05,26.321645736694336,26.851636830263388,26.246496574824086,26.827906786537575,2483872
2016-07-06,25.744186401367188,26.10806414134813,25.43173079285162,26.028958972850695,2931197
2016-07-07,26.104108810424805,26.345374299925453,25.862843320924156,25.914259418625356,2028995
2016-07-08,26.95842933654785,27.073126565013975,25.98545525203957,25.989411265365515,2523565
2016-07-11,27.7534122467041,27.92744059877136,27.203644153641033,27.28274932165052,2447785
2016-07-12,28.22803497314453,28.36250923610338,27.63475977585943,27.757369017681167,2078169
2016-07-13,28.346689224243164,28.619596790452466,28.085649697152625,28.121244761847507,1436943
2016-07-14,28.83713150024414,28.975561777519793,28.43765868505977,28.59586600946926,1641401
2016-07-15,28.698699951171875,28.75802807862861,28.370423278678572,28.682878916013152,2070398
2016-07-18,28.71055793762207,29.094209647933898,28.481160527919254,28.78570708182221,1174270
2016-07-19,28.591907501220703,28.686830680560643,28.20825575371522,28.62750256189063,1361981
2016-07-20,28.67101287841797,28.83713223292316,28.42974738151314,28.738253029849172,1367787
2016-07-21,28.651235580444336,28.80943987327527,28.338776972262362,28.59981646947617,1165152
2016-07-22,28.70265769958496,28.983474301132926,28.481169229080447,28.655194591239383,1114006
2016-07-25,29.054664611816406,29.129813771621553,28.635417757227277,28.71847592553906,1247183
2016-07-26,29.216825485229492,29.264285567368304,28.738250545824055,29.019067096175004,1083683
2016-07-27,29.651893615722656,29.845695993898598,29.30383691648831,29.30383691648831,1693672
2016-07-28,29.489728927612305,29.94457380925086,29.36316368396582,29.505549960262293,1539879
2016-07-29,29.98017692565918,30.09092115526768,28.156844097672813,29.802192541599283,2111525
2016-08-01,29.84173583984375,30.3994158732405,29.68748455774532,30.229343559958494,1455650
2016-08-02,29.410629272460938,29.88920423482435,29.264286971221075,29.746817946470347,1760228
2016-08-03,29.450185775756836,29.48578386318222,29.050712892173344,29.48578386318222,942763
2016-08-04,29.71517562866211,29.905025017389196,29.588610375361938,29.687489573801248,1260632
2016-08-05,29.98017692565918,30.055323071434124,29.675627276681862,29.770550470981444,1527281
2016-08-08,30.32822608947754,30.498298421533008,30.01181146598483,30.130467704182966,1401942
2016-08-09,30.889863967895508,30.93337106080885,30.300544733279306,30.39151191478614,1616157
2016-08-10,30.684194564819336,30.87008794663651,30.569494328856532,30.715836633544335,1003437
2016-08-11,31.123214721679688,31.158809781553025,30.636727780536994,30.850307192437196,1059432
2016-08-12,31.222097396850586,31.301199550435207,30.996652939825307,31.11135317481062,1241857
2016-08-15,31.119260787963867,31.439628418438254,31.11926078796387,31.309110172630586,538903
2016-08-16,30.877994537353516,31.289332345910278,30.696057182760754,30.91359261627032,1163127
2016-08-17,30.632774353027344,31.032247158118597,30.545763193476596,30.905681905299563,1080126
2016-08-18,30.929410934448242,30.980830046991866,30.731652544796905,30.85426479831715,926633
2016-08-19,30.71187973022461,30.885905068059575,30.474570256774257,30.885905068059575,1110915
2016-08-22,30.731651306152344,31.182540174979962,30.609042075127437,30.652549160501454,1105534
2016-08-23,31.170682907104492,31.40799543818417,30.79098708195287,30.921508370535854,1120212
2016-08-24,31.49104881286621,31.621567063983566,30.842401499993482,30.97687576403976,1254645
2016-08-25,30.921504974365234,31.372393905807893,30.858220835013494,31.372393905807893,1401790
2016-08-26,31.0797119140625,31.245828251439516,30.73165518711582,30.972920684638837,1181674
2016-08-29,30.901729583740234,30.96896973979612,30.56949688698697,30.925462646046903,997648
2016-08-30,31.146947860717773,31.34470625983344,30.984784525017147,31.04411264826259,1177112
2016-08-31,31.103435516357422,31.597831430614825,30.957093239418086,31.13112156685371,2250139
2016-09-01,31.190454483032227,31.593880283465612,31.04411218355792,31.11926133971414,1428865
2016-09-02,31.534555435180664,31.641343642249637,30.996652351858124,31.384257121645625,1502445
2016-09-05,31.431716918945312,31.641340315728478,31.419851899135452,31.562238171960498,766754
2016-09-06,31.24582862854004,31.609703376963278,31.214186558880495,31.605750381421224,949280
2016-09-07,31.40798568725586,31.538503917763954,31.15880821049272,31.35656657996023,914255
2016-09-08,31.071794509887695,31.47126726710226,30.830529054124245,31.467311254738824,1618521
2016-09-09,30.45479393005371,31.127171290319115,30.312407639106304,31.004562046607525,1756850
2016-09-12,30.11069107055664,30.11069107055664,29.691444253613827,29.932709728378075,1361354
2016-09-13,29.699356079101562,30.387557507272305,29.655852005763414,30.217485156754773,1386350
2016-09-14,29.65980339050293,30.114648304864847,29.643982356714712,29.91688990884259,1205840
2016-09-15,29.814054489135742,29.857561577360144,29.521372909988187,29.592566052759604,1591380
2016-09-16,29.71517562866211,29.928755059397457,29.299884805749205,29.738908688224033,3435623
2016-09-19,30.201658248901367,30.249121343613663,29.972257817455116,29.972257817455116,1280361
2016-09-20,30.11069107055664,30.363821565792325,30.03554493505305,30.170019190467336,1085550
2016-09-21,30.312402725219727,30.719784484786242,30.29262568118993,30.33613276401288,1207296
2016-09-22,30.984785079956055,31.2458276198898,30.5971803005774,30.5971803005774,2027307
2016-09-23,30.905675888061523,31.00059905480615,30.74746859845178,30.976869017508257,1347350
2016-09-26,30.059274673461914,30.743520016778728,30.05927467346191,30.743520016778728,1547865
2016-09-27,30.05136489868164,30.292627347305917,29.655848136758003,30.28471833979095,1685433
2016-09-28,30.415241241455078,30.573448558297105,30.173975762220543,30.173975762220543,1286925
2016-09-29,30.371734619140625,30.9373237486663,30.328227530903757,30.755386387654678,882830
2016-09-30,30.431060791015625,30.593221095145097,29.568834124701727,29.968303883745765,1755285
2016-10-03,30.55367660522461,30.573453654709173,30.284725027026617,30.375695230079888,812825
2016-10-04,30.664419174194336,30.905684680538307,30.541809923202912,30.58136100246912,1240706
2016-10-05,30.755386352539062,30.771207386202917,30.122560093752995,30.36382255885431,1216456
2016-10-06,30.77515411376953,31.079703669055167,30.609037820460824,30.941273424631248,1136121
2016-10-07,30.035551071166992,30.771212666223185,30.015774021305234,30.771212666223185,1930026
2016-10-10,30.482484817504883,30.486440831089872,29.91293956343524,30.15816110728283,880739
2016-10-11,30.162113189697266,30.581360048437098,30.118606098595528,30.371736619067182,1052493
2016-10-12,30.126514434814453,30.387556975598905,29.95644208727258,30.1897985722969,1033024
2016-10-13,29.90106964111328,29.98017481208103,29.556971954453186,29.98017481208103,1246325
2016-10-14,30.395469665527344,30.589272079321738,30.059280942705282,30.059280942705282,959678
2016-10-17,30.351961135864258,30.466661380358357,30.094874589070862,30.241216904643466,851423
2016-10-18,30.696060180664062,30.870088544468043,30.522031816860085,30.613002011817752,1103219
2016-10-19,30.735610961914062,30.790983073943845,30.407331285199067,30.676282836866783,1125278
2016-10-20,30.71187973022461,30.85031000494117,30.45479321000603,30.806802916094014,1093791
2016-10-21,30.80680274963379,30.806802749633786,30.60508834039177,30.798893741501434,942670
2016-10-24,31.028291702270508,31.281422212452533,30.87404039192689,30.913594485905218,1279921
2016-10-25,31.087615966796875,31.273509322226843,30.91359064861946,31.020378843465753,1083237
2016-10-26,30.72374725341797,31.00060782539873,30.324274413085224,30.94523571100258,1391831
2016-10-27,30.56553840637207,30.82658094779554,30.324272912348718,30.719789719920932,1423336
2016-10-28,32.282081604003906,32.57476318475767,30.7356095010309,30.8661307664204,4075926
2016-10-31,31.993356704711914,32.19507113650451,31.309114266506782,32.036863798187845,2327471
2016-11-01,31.28537940979004,32.26230642398744,31.154858136849068,32.226711359123804,1792831
2016-11-02,31.01642608642578,31.261647583642773,30.889860833761382,31.091575242479333,1504958
2016-11-03,31.048070907592773,31.427766699260687,30.707926195098906,31.004563815235144,1562406
2016-11-04,30.755386352539062,30.96500976786629,30.533894898798717,30.909637658819612,1451780
2016-11-07,31.317020416259766,31.463362718913487,31.071798913380114,31.226050224328272,1373483
2016-11-08,31.33283805847168,31.435673260489285,31.11134963955997,31.27746595374375,1000797
2016-11-09,32.37700271606445,32.42050980174203,30.09882529829287,30.22539054274943,2787481
2016-11-10,32.91094970703125,33.61892507963828,32.531253974120574,32.5470750068527,3394066
2016-11-11,32.420509338378906,33.26295895185674,32.266258043200615,33.057291564136825,1403807
2016-11-14,32.602447509765625,33.17990163253162,32.41259813222103,32.70132670238076,1440110
2016-11-15,32.543121337890625,32.91886410284266,32.34140692797126,32.713193680067015,1265378
2016-11-16,32.313720703125,32.748791588418364,32.119918319937554,32.65386538568873,1768946
2016-11-17,32.78834533691406,32.78834533691406,32.21484413116538,32.37700747754898,1580038
2016-11-18,32.70132827758789,33.02565192428592,32.45215378651438,32.9861008488454,1696729
2016-11-21,32.78042221069336,33.033552651119344,32.37304050243132,32.906987430906355,1077274
2016-11-22,32.84767532348633,33.278787237937514,32.76066113440889,33.15222196770327,1575048
2016-11-23,32.47984313964844,32.978192172406516,32.31372377784181,32.86744794290472,1364117
2016-11-24,32.46401596069336,32.566848144310846,32.14364533734444,32.43237389609412,1145084
2016-11-25,32.313720703125,32.630135343783145,31.985444059067714,32.57476323430102,987232
2016-11-28,31.78768539428711,32.37700456453785,31.582014974332115,32.37700456453785,1351770
2016-11-29,32.11991500854492,32.15551308528698,31.637384089186767,31.79954740563314,1346279
2016-11-30,32.373046875,32.412597948310946,32.09223033167279,32.16737948325101,1790982
2016-12-01,32.17924118041992,32.35326950608077,31.870738615877983,32.26229933106174,1374780
2016-12-02,31.823280334472656,32.04081577444362,31.495000676899604,32.04081577444362,1255567
2016-12-05,32.26626205444336,32.37305026532183,31.534556560124667,31.645300784014573,1200525
2016-12-06,32.6894645690918,32.77647874908646,31.82328179966791,32.27812672937852,1450894
2016-12-07,33.60310363769531,33.60310363769531,33.02169351647212,33.21945189688526,2129445
2016-12-08,33.8839225769043,34.121232046705934,33.48840578805036,33.61892705258503,2198164
2016-12-09,33.7731819152832,34.06981953816077,33.69012374298396,33.93138925099536,1450429
2016-12-12,33.61101531982422,33.81668270563206,33.46071702100947,33.71780351643431,1440240
2016-12-13,34.0025749206543,34.042125991492654,33.48049293994947,33.59123714531818,1636019
2016-12-14,34.287349700927734,34.70659651082601,34.21615656174185,34.275484680655666,2412267
2016-12-15,34.56421661376953,34.70660291842894,34.16869977139427,34.40600927330862,1920810
2016-12-16,34.35062789916992,34.80547274883005,34.204288638164584,34.48114914619081,3577161
2016-12-19,34.40996170043945,34.671004237627194,34.23593334231429,34.402052692139996,1299558
2016-12-20,34.51279830932617,34.536528352737875,34.17660961826039,34.53257233965131,1667278
2016-12-21,34.524662017822266,34.603764171221705,34.307126569643216,34.409961783105466,889892
2016-12-22,34.52070617675781,34.67495748894232,34.413917967381515,34.59189932219326,1133954
2016-12-23,34.56421661376953,34.580037649571025,34.34272814765668,34.5128005105802,580644
2016-12-27,34.57212448120117,34.73428479793802,34.386231104840306,34.504884332745725,672298
2016-12-28,34.643314361572266,34.70659849671568,34.51674910883909,34.61958431967031,711193
2016-12-29,34.77779006958008,34.77779006958008,34.449510422842856,34.47719647632952,663071
2016-12-30,35.00719451904297,35.00719451904297,34.5998126779972,34.74615196989489,1180280
2017-01-02,35.062564849853516,35.22472516838493,34.789657292809636,34.821299360956054,626305
2017-01-03,35.46598815917969,35.636060491545244,35.090248433456324,35.20099264661464,1578066
2017-01-04,35.35920333862305,35.59255680757661,35.21286103293018,35.55696174318184,1300606
2017-01-05,35.26427459716797,35.45016493344057,35.054648186595095,35.2959136435751,1120930
2017-01-06,35.46598815917969,35.46598815917969,34.99532525325683,35.22076969220155,1054160
2017-01-09,35.49763488769531,35.49763488769531,35.03488092869261,35.430397751953834,1281984
2017-01-10,35.58860397338867,35.66770612854912,35.22472621401076,35.45412668855136,1467271
2017-01-11,35.469947814941406,35.76658542389189,35.30778447362265,35.51345490565845,1395116
2017-01-12,35.74681091308594,35.794274020205656,35.24054984069167,35.319655019224534,1603003
2017-01-13,36.071128845214844,36.079040870582595,35.580688886788025,35.912924548502254,1598305
2017-01-16,35.80613708496094,35.92083732439705,35.66770680203937,35.77054201973276,738686
2017-01-17,35.79426956176758,35.90501378036557,35.35524568264437,35.6202412082258,1188844
2017-01-18,36.09486389160156,36.09486389160156,35.58464685920994,35.80217928794659,1283374
2017-01-19,36.01971435546875,36.332172985239346,35.82986496637957,36.027623363635364,1481102
2017-01-20,36.78702163696289,37.05992620094397,35.88128772347711,35.96434589664995,2903635
2017-01-23,36.54179382324219,36.66440305526596,36.22537920295404,36.63276400727991,1544513
2017-01-24,37.0322380065918,37.0322380065918,36.50620294018077,36.719779363128936,1640452
2017-01-25,37.752079010009766,38.06058466229595,37.27746003619906,37.27746003619906,2670197
2017-01-26,37.17858123779297,37.70066332170663,37.01641789247886,37.62551415997044,2056664
2017-01-27,37.067840576171875,37.206270873564556,36.735604844875276,37.15485476811989,1290170
2017-01-30,36.26493453979492,37.01641400808317,36.19769439382459,36.98872795417311,1750252
2017-01-31,35.99203109741211,36.601127370397855,35.99203109741211,36.3084457646307,2213371
2017-02-01,36.54179382324219,37.03618978147152,36.34007942736965,36.450826656757926,1840631
2017-02-02,36.45478057861328,36.72373210743001,36.296573264446934,36.41918551714146,1072261
2017-02-03,36.391502380371094,36.75537711983191,36.36381632448938,36.55366270266295,1170586
2017-02-06,35.928741455078125,36.58530073287207,35.83777428903172,36.34403526501318,1058292
2017-02-07,35.814048767089844,36.15023745597066,35.71912255895229,35.90501594461272,1044065
2017-02-08,35.87732696533203,36.12254845671153,35.60441941988981,35.95247611959666,1374877
2017-02-09,35.8852424621582,36.23725219110159,35.68748405185051,35.99203067600066,1170663
2017-02-10,36.14628219604492,36.36381765561705,35.88919565770165,35.944567771492025,1145688
2017-02-13,36.72373580932617,36.91753820450038,36.16605866717684,36.22933978869024,1161900
2017-02-14,36.8938102722168,36.929408356867526,36.470607375038625,36.68418683028097,1125476
2017-02-15,36.88985061645508,36.96895578700484,36.644632131635085,36.925448697590895,1086243
2017-02-16,36.37172317504883,37.02037046084044,36.2016508368502,37.02037046084044,1651118
2017-02-17,35.960384368896484,36.46664535682241,35.77053800720102,36.46664535682241,1695917
2017-02-20,36.22933578491211,36.42313815866882,36.08299651021058,36.18187570341043,984388
2017-02-21,36.328216552734375,36.50620091874081,35.71516733885523,36.11068412879802,1674258
2017-02-22,35.94852066040039,36.423139599513455,35.60046697288772,36.29262135266722,2317444
2017-02-23,35.810089111328125,36.20164987301497,35.67165884381798,35.794268078247896,1549530
2017-02-24,35.09815979003906,35.9920285979358,34.32690324139049,35.9920285979358,2649019
2017-02-27,35.65979766845703,35.6914367204755,34.80547989532769,35.311740938269295,2359784
2017-02-28,35.7784423828125,36.06321490604043,35.50553487846021,36.003886794109086,1563481
2017-03-01,36.466644287109375,36.60903056298097,36.05135349711174,36.19769276796897,1961186
2017-03-02,36.06717300415039,36.77910133584191,35.98015883729233,36.75141528434646,1836368
2017-03-03,36.52202224731445,36.537843282453515,35.82591480651919,36.03158222821917,1270070
2017-03-06,36.007843017578125,36.442910811706106,35.95247091746474,36.442910811706106,1235204
2017-03-07,36.189788818359375,36.30844507068701,35.972253361609994,36.1581467487315,982985
2017-03-08,36.245155334472656,36.53388389452253,36.16209717769065,36.22142529469305,1179184
2017-03-09,36.56157684326172,36.632769993582826,36.10673188385206,36.26493921984942,1367700
2017-03-10,36.486419677734375,36.90171346645348,36.45477761396366,36.60902890290429,1309762
2017-03-13,36.56948471069336,36.75933411147507,36.40732438408431,36.57344072379715,894383
2017-03-14,36.28470993041992,36.7553758821135,36.1818777363528,36.7553758821135,1229330
2017-03-15,36.676273345947266,36.680226341217434,36.34008165965707,36.39545376897587,1097940
2017-03-16,37.01641082763672,37.05991791112205,36.72768529274678,36.99663680085913,1454104
2017-03-17,36.976863861083984,37.17857826894755,36.77119645795809,36.88984968445446,2269229
2017-03-20,36.885894775390625,37.02828105384156,36.61298723876742,36.83447566411177,1061623
2017-03-21,36.56157684326172,37.17462612111478,36.47851867081275,36.94918164802358,1231228
2017-03-22,36.54970932006836,36.64463250814968,35.99598519074548,36.50620223020739,1412888
2017-03-23,36.90962600708008,36.90962600708008,36.41127401641919,36.49037918341894,1495549
2017-03-24,36.8938102722168,37.020375540039595,36.63672372326467,36.86612421417912,932419
2017-03-27,36.387550354003906,36.581352766409,36.189791928166926,36.54575769818431,1601017
2017-03-28,36.91754150390625,36.933362540087025,36.52993667891669,36.605085846386835,1244086
2017-03-29,36.885894775390625,37.139025266513734,36.71977543882888,37.09947419306703,1014611
2017-03-30,37.6729736328125,37.6729736328125,36.88589607846979,36.88984907366668,1433907
2017-03-31,38.0764045715332,38.0764045715332,37.423804204504684,37.61365059644076,2153298
2017-04-03,37.71648406982422,38.28998224987492,37.71648406982422,38.199015071410855,1641964
2017-04-04,37.6136474609375,37.91819708988037,37.400068024648064,37.66901957209916,1070968
2017-04-05,37.467308044433594,37.7758106677058,37.396114899251266,37.756033620550916,1157383
2017-04-06,37.54245376586914,37.696705075783136,36.99664167060068,37.4198445240282,1284993
2017-04-07,37.72439193725586,37.75207799302309,37.22208692046347,37.3526081908892,1232876
2017-04-10,37.154850006103516,37.653199012845384,37.154850006103516,37.653199012845384,1267730
2017-04-11,37.20626449584961,37.352606795181835,36.80679169108855,36.93731295663726,1653968
2017-04-12,36.877986907958984,37.47126212920857,36.71977957878167,37.25768268745226,1098687
2017-04-13,36.54970932006836,36.850299918584824,36.44687410607391,36.8305258889095,1482149
2017-04-18,35.9050178527832,36.81075176840924,35.86942278600529,36.71187255950972,1781417
2017-04-19,36.217472076416016,36.30448625239229,35.73889712610011,35.92479049885787,1316062
2017-04-20,36.95313262939453,37.13902599756203,35.98016171919674,36.11859198776183,2161890
2017-04-21,36.54179382324219,36.83843139817979,36.35590046013941,36.80283633761294,2722783
2017-04-24,38.99400329589844,39.353925064005196,38.29393982600119,39.15616664659814,4783360
2017-04-25,39.20757293701172,39.306452120970484,38.70526801022459,39.28272208243741,2583112
2017-04-26,39.405338287353516,39.55168059186276,38.899077258586274,39.15616378594413,2148298
2017-04-27,39.47257614135742,39.95510408176161,39.30250380400433,39.55167829091783,2137739
2017-04-28,39.19571304321289,39.42906951699836,39.04937376305177,39.28272721928362,1970918
2017-05-02,40.0421142578125,40.12912842417101,39.15615759749125,39.46070416219274,2050589
2017-05-03,39.725711822509766,39.97093032866345,39.31437395252627,39.97093032866345,1954609
2017-05-04,40.36643981933594,40.556289193079216,39.591227326861635,39.915550951443265,2322064
2017-05-05,41.3552360534668,41.3552360534668,40.32689296675549,40.398086112165316,3115553
2017-05-08,40.31106948852539,41.45015974602229,40.23987634743184,41.37105457949969,1985509
2017-05-09,40.36643981933594,40.674942411309516,40.216144535889526,40.51673812033578,1470206
2017-05-10,40.271514892578125,40.42181016949844,40.026293424131325,40.318977988341366,1383297
2017-05-11,39.87600326538086,40.46927845957968,39.4923514903237,40.30316212941689,1850223
2017-05-12,39.7652587890625,39.90764507615711,39.48444222772415,39.820630898759994,1313632
2017-05-15,40.10540771484375,40.16077983039788,39.78108403050357,39.923470332658184,1438780
2017-05-16,40.2794303894043,40.485100819961744,39.931376683723556,40.20824026061954,1419923
2017-05-17,39.266902923583984,40.342708979170396,39.033549486737925,40.14495060182152,3181759
2017-05-18,39.66242980957031,39.86810026437906,38.72900978864848,39.330197099184986,3176235
2017-05-19,39.891822814941406,40.27151856299357,39.69406442423381,39.82062967358453,1936845
2017-05-22,39.58332061767578,40.08958162031517,39.54772253785235,40.01047947023537,1497922
2017-05-23,39.59122848510742,39.82853794606396,39.38160507763659,39.3855610902927,1605974
2017-05-24,39.61496353149414,39.6703356412443,39.40533709595008,39.55167939603473,1577202
2017-05-25,39.59122848510742,40.03420835843221,39.4409331972641,39.82853794606396,1136887
2017-05-26,39.59122848510742,39.66242162514974,39.18384669058056,39.57540745203652,1532925
2017-05-29,39.567501068115234,39.69406632352187,39.4528008339102,39.67033628111866,865976
2017-05-30,39.59122848510742,39.59914051041963,39.09683251746734,39.31832396290648,1956891
2017-05-31,39.373695373535156,39.7573441028939,39.21944407576374,39.551676711716496,3029432
2017-06-01,39.923465728759766,40.13704515736211,39.472576829783804,39.559587988796345,1606198
2017-06-02,39.55167770385742,39.8680923325097,39.41720344809001,39.63077985224373,3209928
2017-06-05,39.567501068115234,39.70988735764191,39.421158765670114,39.70988735764191,1111329
2017-06-06,38.95049285888672,39.46861886225644,38.80019455496928,39.39346971029772,2106265
2017-06-07,38.93071365356445,39.1442930597402,38.831834466495316,38.99399476416098,1982172
2017-06-08,38.97422409057617,39.10078934021207,38.66572148318578,38.96631206510004,2034768
2017-06-09,39.5279541015625,39.69407045076455,38.982138929107144,39.07706514369748,2379626
2017-06-12,39.491432189941406,39.6861893908965,39.28449995526796,39.58475244584617,2775943
2017-06-13,39.71053695678711,39.962098603084925,39.45897221487935,39.6091000102193,1948712
2017-06-14,39.64155578613281,40.367844663989146,39.63344219282254,39.84037442174715,1837655
2017-06-15,38.93555450439453,39.645613081226216,38.740797314005,39.60098058017659,2679019
2017-06-16,39.06539535522461,39.41839703455852,38.92744259735771,38.951786473308374,3116460
2017-06-19,39.491432189941406,39.81197330777364,39.43056940378923,39.4670852181146,1332253
2017-06-20,39.22769546508789,39.690247686295535,39.19523489976563,39.690247686295535,1447522
2017-06-21,39.24798583984375,39.32102056726579,38.78948884717927,39.11408832363501,1622921
2017-06-22,39.08974075317383,39.18306410730144,38.79354659887529,39.10191578723307,1590281
2017-06-23,39.118141174316406,39.16682892201965,38.821943961480116,39.016704239121864,1568272
2017-06-26,39.00859069824219,39.39404984483907,39.00859069824219,39.34942043771329,1617685
2017-06-27,38.59473419189453,38.874698085864615,38.168697737803626,38.874698085864615,2786567
2017-06-28,38.56227111816406,38.805719177998434,37.96582135942332,38.41214331838801,2302104
2017-06-29,37.8968391418457,38.83411542092401,37.65339111949402,38.692104332519655,2560758
2017-06-30,37.961761474609375,38.769201789230436,37.762945928298166,37.84003899743533,2529635
2017-07-03,38.48923110961914,38.546035545932796,38.26606861295147,38.278240549931596,1429012
2017-07-04,38.30664825439453,38.537924358279554,38.205211312416715,38.245785470085885,1065969
2017-07-05,38.671817779541016,38.73268056229238,38.241726147154864,38.28230030378587,1710430
2017-07-06,38.29853057861328,38.7651411188095,37.961759196978555,38.708336680414455,2140760
2017-07-07,38.233612060546875,38.46082981123532,37.95364512087028,38.452713122648056,1443761
2017-07-10,38.40808868408203,38.554155045832864,38.10377783051514,38.22955865939423,1306113
2017-07-11,37.97393035888672,38.63530117122329,37.91712592165175,38.529805889668495,1043012
2017-07-12,38.91120910644531,38.996415760856806,38.04290918555527,38.140287776938465,1992634
2017-07-13,38.97612380981445,39.1546537917917,38.54603223026126,38.63529722124989,1537087
2017-07-14,38.7489128112793,39.01264948618485,38.62718723959677,39.000477548138576,1042276
2017-07-17,38.49329376220703,38.93149902058605,38.404028753548914,38.85440904588037,998944
2017-07-18,38.46894836425781,38.586615599067244,38.217386706591505,38.46489311505099,1621358
2017-07-19,38.4770622253418,38.67181942369472,38.15652111179235,38.58255441794552,1140015
2017-07-20,38.59473419189453,39.33319510887126,38.38374358955247,38.7651475352868,1684389
2017-07-21,37.83598327636719,38.58255776075332,37.3287985139494,38.54198359888192,2669389
2017-07-24,38.14029312133789,38.39997146515351,37.87249808799738,38.26201869933086,1809129
2017-07-25,37.90901565551758,38.351279255031486,37.78323483283196,38.14029176901593,2102241
2017-07-26,38.46083068847656,38.46083068847656,37.702081259964885,37.89684154757555,1596329
2017-07-27,37.92525100708008,38.76514890999568,37.722377087577655,38.37563135602428,2112371
2017-07-28,38.47300720214844,38.716455268911076,37.872499081564484,37.937420217026585,3288723
2017-07-31,38.051029205322266,38.52169815179008,37.969880881398225,38.44866342201439,2037557
2017-08-01,38.533870697021484,39.28044519482,38.1362364740739,39.28044519482,1771967
2017-08-02,38.40808868408203,38.878754527881576,38.310706982101365,38.58255726834137,2280289
2017-08-03,38.66776657104492,38.963960731448154,38.24578848765028,38.3756276598017,1551987
2017-08-04,39.1546630859375,39.32507642067081,38.50140887384974,38.582557196405574,1453689
2017-08-07,39.28044128417969,39.32913213181867,39.09785602285077,39.21958159414329,810180
2017-08-08,39.085689544677734,39.292618710926895,38.963963956381505,39.21958707268152,1149868
2017-08-09,38.42431640625,38.789490054728354,38.12406389332785,38.789490054728354,1736228
2017-08-10,37.96987533569336,38.4689433365939,37.78323174144026,38.383736680235515,1354671
2017-08-11,37.345027923583984,37.85221267412873,37.251704567415324,37.85221267412873,1659004
2017-08-14,37.949588775634766,38.05914240806596,37.438345714045504,37.50732518823212,1031352
2017-08-15,38.034793853759766,38.31476079653288,37.88466916494149,38.140289137293216,858096
2017-08-16,38.33910369873047,38.50546176068252,38.14028816972282,38.176803981013975,930924
2017-08-17,37.880615234375,38.25390247116067,37.78729187737354,38.17275414859338,946465
2017-08-18,37.580360412597656,37.62499291594499,37.255760951091524,37.499208999416176,1206934
2017-08-21,37.328800201416016,37.576306624313354,37.11375434772724,37.4829832617413,878487
2017-08-22,37.698028564453125,37.775118539353606,37.43429188246315,37.499209918990395,875943
2017-08-23,37.438350677490234,37.94959380685831,37.31662818661896,37.64934128131019,1073398
2017-08-24,37.3531379699707,37.69396769968425,37.3531379699707,37.55601185092098,942451
2017-08-25,37.28822326660156,37.65745215317603,37.223302133009106,37.42617603207047,807604
2017-08-28,37.19084167480469,37.38965721314596,36.93116025690147,37.125920546426435,763666
2017-08-29,36.72017288208008,37.16649480627622,36.40774846382571,36.93927704754577,1838437
2017-08-30,37.05289077758789,37.14215579323496,36.83784492840733,36.99202798550033,974210
2017-08-31,37.38965606689453,37.730482693602305,37.29633272161425,37.503264942463794,1816926
2017-09-01,37.87655258178711,38.14840283664055,37.547897888475035,37.55601148156496,1510055
2017-09-04,37.758888244628906,37.85626994280457,37.564131039497504,37.58441657157663,821406
2017-09-05,37.795406341552734,38.06319826674493,37.64933689304431,37.767004120765534,992377
2017-09-06,37.710201263427734,37.88061459531014,37.31662540483502,37.51544095869783,1035805
2017-09-07,38.164634704589844,38.355336654030914,37.81569137063594,37.949588879257526,1715978
2017-09-08,38.07131576538086,38.09160129745453,37.87249712003319,37.93741825213282,929500
2017-09-11,38.84223556518555,38.93555581917895,38.29041834776512,38.3431644436914,1323920
2017-09-12,39.503604888916016,39.72270906591801,38.793546259887485,38.9436740558731,2199844
2017-09-13,39.57258224487305,39.66184725573343,39.28856002450823,39.53200808419379,1646668
2017-09-14,39.95804214477539,40.128455466905564,39.58881018455018,39.65373131428158,2085568
2017-09-15,39.856605529785156,40.08382329449817,39.661845234595525,39.90529328187516,5864206
2017-09-18,40.05947494506836,40.08787716248585,39.80385189270142,40.00266741462385,1167926
2017-09-19,40.01079177856445,40.059482630168056,39.86472231936378,39.99456149469659,1186307
2017-09-20,40.07570266723633,40.07570266723633,39.803852426081846,39.84848492485163,1044485
2017-09-21,40.32321548461914,40.55449160814282,40.20960659525454,40.24612550718463,1204343
2017-09-22,40.37189865112305,40.530140016277684,40.07570144970493,40.26234812740425,1031017
2017-09-25,40.258296966552734,40.57072140858497,40.20960611642913,40.323215004440854,898219
2017-09-26,40.21772384643555,40.37596524391876,40.083826326838945,40.30698576388984,1031514
2017-09-27,40.160919189453125,40.46117169904384,40.144688905744154,40.26641139014629,1355379
2017-09-28,40.688392639160156,40.69650932944994,40.136575332647524,40.136575332647524,1368297
2017-09-29,40.91560745239258,40.91560745239258,40.100056587559166,40.801998561506934,2053328
2017-10-02,40.8019905090332,41.06166880712591,40.615346925754665,40.86691163136113,1153079
2017-10-03,40.82633972167969,40.97240915933655,40.70461415842908,40.842570003153746,850017
2017-10-04,40.72896194458008,40.90749196233167,40.428709447496914,40.90749196233167,1423626
2017-10-05,40.550437927246094,40.73708155207925,40.36379430241294,40.64781653680901,1247791
2017-10-06,39.94181442260742,40.50985886611956,39.92964248390503,40.49768692741716,1675286
2017-10-09,39.92558288574219,40.22989372618899,39.75111121339496,39.970215389989846,1131404
2017-10-10,40.20554733276367,40.20554733276367,39.783572352072504,39.860662327747434,1128709
2017-10-11,40.12034225463867,40.18932173485839,40.00673336337342,40.16903310615668,827154
2017-10-12,40.623470306396484,40.623470306396484,40.13251584644448,40.136571095550934,1468309
2017-10-13,40.73707580566406,40.79388024453038,40.40841801438351,40.6965016487038,1118651
2017-10-16,40.81822967529297,40.9399552583514,40.696507187844716,40.81011608104049,940781
2017-10-17,40.93183135986328,41.05355692148426,40.68026973940737,40.89937389295936,1118462
2017-10-18,40.712730407714844,41.05356014968861,40.45711042294192,40.98052542609493,1244610
2017-10-19,40.88315200805664,40.88315200805664,40.14874633450527,40.6559311194061,1328322
2017-10-20,41.02922058105469,41.33758669472566,40.899381402769485,41.07790833815526,1600470
2017-10-23,41.27266311645508,41.540455031413224,40.850685069736095,41.05355895206581,1117837
2017-10-24,41.29701232910156,41.33758649168949,41.126598988866164,41.167173151454094,1190918
2017-10-25,40.99675369262695,41.483649762235245,40.948062847422236,41.15905341436629,1347968
2017-10-26,41.686527252197266,41.71087422471388,40.83445750875519,41.0779055646515,1449604
2017-10-27,41.264549255371094,41.662183454054464,40.81822730278241,41.629722887710926,2321664
2017-10-30,41.18339920043945,41.32135195817381,41.01298587772882,41.061673629583375,1003419
2017-10-31,40.866920471191406,41.321356043346825,40.85069018709869,41.22397743440069,1512186
2017-11-01,40.84257125854492,41.30512346013937,40.84257125854492,41.094132890100994,1630969
2017-11-02,40.57072448730469,41.01299122989474,40.44900199617377,40.93995649697208,1503612
2017-11-03,40.43276596069336,40.810111511187706,40.31509873574245,40.745190381996935,1352821
2017-11-06,40.043251037597656,40.509858527206035,40.043251037597656,40.48551465000491,1618554
2017-11-07,39.82414245605469,40.30292492697618,39.81197051879892,40.15685548868761,1987993
2017-11-08,40.09193801879883,40.10005470811601,39.71865079606722,39.925583035116034,1532908
2017-11-09,39.42245864868164,40.0432523017894,39.21146805424402,40.018905328209605,1869421
2017-11-10,39.42245864868164,39.60504392467447,39.25204221606353,39.418400303816654,1545728
2017-11-13,39.235809326171875,39.5969246049174,38.80571766735359,39.519834631263684,1952586
2017-11-14,39.03293228149414,39.47925728263584,38.88686284395862,39.357531719486346,1497032
2017-11-15,38.83412170410156,38.92744506050059,38.412143619133445,38.83818004888675,1766484
2017-11-16,39.211463928222656,39.39810752944092,38.99641810715834,39.10596864210458,1356643
2017-11-17,38.80978012084961,39.292617928088234,38.74891732791408,39.292617928088234,1415830
2017-11-20,39.4102783203125,39.48737138434114,38.65153199981478,38.846289188631744,1550895
2017-11-21,39.26826858520508,39.71459051194541,39.215522489659065,39.38187746521791,1405105
2017-11-22,39.25609588623047,39.57257864458934,39.138428664038884,39.22363532239629,1347157
2017-11-23,39.856605529785156,40.10816717054317,39.114086354313876,39.118144698858,1843886
2017-11-24,39.503604888916016,39.93369655361811,39.479261012230225,39.78357185324245,1106114
2017-11-27,39.1911735534668,39.84848602065325,39.18711830481953,39.40216411629143,1272082
2017-11-28,39.345359802246094,39.515773114254074,39.08162314569489,39.19523202036687,1048500
2017-11-29,39.36970520019531,39.783569654641695,39.34536132485486,39.56852073856517,1064300
2017-11-30,38.84223556518555,39.56852135273363,38.84223556518555,39.46302916088108,2040326
2017-12-01,37.98611068725586,38.963961289358046,37.85627151324532,38.890926560501484,2887549
2017-12-04,38.444602966308594,38.65153520524632,38.310705453136535,38.537926319746376,1879952
2017-12-05,38.55415344238281,38.69616764462912,38.30665013973657,38.41620068039606,1624000
2017-12-06,38.83817672729492,38.972074233264244,38.04291147596497,38.26201564147574,1191884
2017-12-07,38.87875747680664,38.97613609056332,38.6109655150732,38.846296907017646,1196602
2017-12-08,38.72456741333008,39.26420958436991,38.72456741333008,39.097854611592,1149611
2017-12-11,38.862525939941406,39.06134150617605,38.73674510557401,38.886869818693754,1378464
2017-12-12,38.29042434692383,38.50547020442078,37.70208812813843,38.42431877996229,2334671
2017-12-13,38.40808868408203,38.65559199702182,38.2092700309124,38.266074475929415,1881382
2017-12-14,38.02668762207031,38.404033232748105,37.94959454276303,38.286365989030266,1593549
2017-12-15,38.14029312133789,38.14029312133789,37.79946645593365,37.896845060962,2882110
2017-12-18,38.66776657104492,38.76514517625598,38.38374125373177,38.45677598154258,1937796
2017-12-19,38.18086624145508,38.69210932123678,38.18086624145508,38.60690265720815,1356218
2017-12-20,37.65745162963867,38.266073318361336,37.551959432432604,38.08348804998853,1952646
2017-12-21,37.87655258178711,37.95364564638515,37.30444985285091,37.466746479527174,1527757
2017-12-22,37.6939697265625,37.9333594330636,37.592532780632894,37.71831360299043,1227375
2017-12-27,37.66962432861328,37.7791779683367,37.38560210638602,37.6533971407232,1141712
2017-12-28,37.65339660644531,37.892786319552926,37.511382401736725,37.551959657716324,1096493
2017-12-29,37.312564849853516,37.78728900152386,37.312564849853516,37.78728900152386,897759
2018-01-02,36.9960823059082,37.41400201951111,36.906817299971685,37.312565075603224,1271328
2018-01-03,37.62499237060547,37.758886783096926,37.012312366307576,37.012312366307576,2049422
2018-01-04,38.42431640625,38.5825578046556,37.86032719744848,37.90901804911563,1728114
2018-01-05,38.761085510253906,38.761085510253906,38.37968160073045,38.50952386406604,1207486
2018-01-08,38.882808685302734,39.01670618939879,38.700220335459996,38.76919980750356,1265243
2018-01-09,39.38999557495117,39.43868332779297,38.88686609444654,38.88686609444654,1645504
2018-01-10,39.09785079956055,39.26420575611888,38.8300558167371,39.219576354591105,1420678
2018-01-11,38.688053131103516,39.300733192031046,38.64342062427773,39.300733192031046,1664433
2018-01-12,39.02887725830078,39.073509758672785,38.80165641214975,38.91932363171143,1212440
2018-01-15,38.89904022216797,39.06133685534004,38.80571687204516,39.02887938607153,1004145
2018-01-16,38.90309524536133,39.016707221776414,38.732681924153454,38.91932552770634,1206486
2018-01-17,38.85845947265625,39.12219612125055,38.75702253824379,38.85440422411864,1322657
2018-01-18,38.83006286621094,39.01670957663876,38.72862591713974,39.000479293314164,963358
2018-01-19,39.036991119384766,39.25609527845863,38.80571502296397,38.80571502296397,1504500
2018-01-22,39.02075958251953,39.19523123530253,38.858459866691916,39.06133373757403,1193323
2018-01-23,38.93961715698242,39.25204160328637,38.76514547783319,39.1708932809142,1506972
2018-01-24,38.26201629638672,38.98830208713951,38.22955573154585,38.92744239757519,1895313
2018-01-25,38.59473419189453,38.700226397455324,38.156525798362786,38.22144384058402,1569188
2018-01-26,38.894981384277344,39.11002720655137,38.578498619752565,38.61095918421916,1383640
2018-01-29,38.80978012084961,39.10191905045194,38.80978012084961,39.06945848147163,1151279
2018-01-30,38.07536697387695,38.615012218650776,38.07536697387695,38.47705947099351,1817311
2018-01-31,37.99016571044922,38.31882353615342,37.96582183284523,38.26607434053135,1509778
2018-02-01,37.592533111572266,38.36345452654591,37.438346971211566,38.14029200529224,2190791
2018-02-02,37.0325927734375,37.519491891267776,36.8134917303647,37.49108967489838,2548991
2018-02-05,36.3712272644043,36.92304443994677,36.35499698328721,36.92304443994677,2256927
2018-02-06,35.693634033203125,36.1034401730589,35.129644845616184,35.259484016234545,4083682
2018-02-07,35.99794387817383,36.15212692161599,35.393380547013074,35.933022746865596,2606340
2018-02-08,34.82127380371094,35.89650602278593,34.64680213725266,35.89650602278593,2648265
2018-02-09,34.50885009765625,34.955172038738304,34.123387847386816,34.66709148498889,3316638
2018-02-12,34.76852798461914,35.20673323090004,34.732009074989975,34.96328518394179,1682612
2018-02-13,34.56159973144531,34.94705892554731,34.50885362880711,34.691438911148005,1802057
2018-02-14,35.08906936645508,35.377149918699686,34.50479157282665,34.75229796620481,2626184
2018-02-15,35.53539276123047,35.90867999107262,35.32846051823992,35.47452997263207,2089303
2018-02-16,35.397438049316406,35.87216533930039,35.3528055426033,35.713920845565646,2697176
2018-02-19,34.88619613647461,35.59219642005817,34.87402110253545,35.490759473168175,1649788
2018-02-20,35.91679382324219,36.00200358521132,34.894310731323,34.894310731323,2530592
2018-02-21,36.00605773925781,36.08315080935655,35.470470784425935,35.92490942012963,1519039
2018-02-22,35.78289794921875,35.977655151385775,35.2878851589952,35.4664151739899,1929018
2018-02-23,36.82160949707031,37.18678310294007,36.24544841648123,36.74451643149509,2962256
2018-02-26,37.22330093383789,37.28010537609628,36.76886539577076,37.016371792300866,2246713
2018-02-27,37.937416076660156,37.99016217175898,37.207068860469846,37.21112720489584,3058338
2018-02-28,37.9333610534668,38.12406301525827,37.66151076970918,37.88061495374981,2790203
2018-03-01,37.629051208496094,38.06725958829058,37.47486815439513,37.75483513519885,3438869
2018-03-02,36.391517639160156,37.31662203803952,36.31848291842706,37.166494252196564,3022858
2018-03-05,36.517303466796875,36.74857959826218,36.14807146807305,36.41586651272244,2410843
2018-03-06,36.39963150024414,37.0163698344434,36.387459562633985,36.76074676219104,1841599
2018-03-07,36.84595489501953,36.92710630834982,36.14806821842851,36.24950516338395,1525810
2018-03-08,37.121864318847656,37.1908437955855,36.7810376622558,36.82567016665854,1705234
2018-03-09,37.28822326660156,37.365313243230055,37.03665851734585,37.23141882251318,1325346
2018-03-12,37.612815856933594,37.69802561008835,37.32879366511681,37.58847198209493,1440856
2018-03-13,37.18272399902344,37.76700175648026,37.000138747623026,37.68585034816142,2103574
2018-03-14,37.28010559082031,37.38965922695673,37.081290041770814,37.10563391841893,1337713
2018-03-15,37.6087646484375,37.722373537368995,37.259821292085014,37.48298072516901,1429086
2018-03-16,37.320682525634766,37.677739461051445,37.14621085473129,37.57224417046541,3123179
2018-03-19,37.17866516113281,37.63716209912071,37.00825184934016,37.36936709863826,1866756
2018-03-20,37.17461013793945,37.36530898099181,36.95956122915247,37.28821901315692,1227116
2018-03-21,36.517303466796875,37.089409373669575,35.98983006736574,37.089409373669575,2275926
2018-03-22,35.61653518676758,36.40368677229548,35.20267386490199,36.27384762272887,2630647
2018-03-23,34.66708755493164,35.279764407461535,34.39117897062331,35.279764407461535,2570619
2018-03-26,34.36683654785156,34.918653789468365,34.19642321913137,34.76447074380866,1784592
2018-03-27,34.63869094848633,34.9511153937534,34.52102371451014,34.91865482666823,2056193
2018-03-28,34.67115020751953,34.67115020751953,33.91645900973472,34.28569101424255,2179417
2018-03-29,34.78070068359375,34.86996569174044,34.63868957772853,34.813161249394355,1771440
2018-04-03,34.602169036865234,34.776640700310054,34.28568627424668,34.54942294163207,1391954
2018-04-04,34.43986892700195,34.768526719263896,34.06252338448621,34.719835873400335,1609133
2018-04-05,35.35279846191406,35.429891520906935,34.898362987285324,34.983569638778214,1951486
2018-04-06,35.255428314208984,35.47047416645174,35.04849605640868,35.22702609024504,1089204
2018-04-09,35.421783447265625,35.64088453060732,35.17427704672447,35.450185668855106,1265156
2018-04-10,35.11341094970703,35.149926761619334,34.71577678931811,35.048489823272234,1866294
2018-04-11,34.955169677734375,35.32439852470146,34.72794883014493,35.32439852470146,1490848
2018-04-12,35.35279846191406,35.35279846191406,34.93487879694963,35.07688988277111,1346219
2018-04-13,35.08906936645508,35.53133296063612,35.02008989121124,35.39743545032796,1550953
2018-04-16,34.88213348388672,35.21484650477146,34.84561457779923,35.06471872749546,1096697
2018-04-17,35.02820587158203,35.162103379180884,34.84967586145022,34.971401431196426,1616973
2018-04-18,35.34062957763672,35.45829680051126,34.97140072261154,35.048490692652976,1570949
2018-04-19,35.44207000732422,35.68551807023847,35.4096094401063,35.42178447452057,1139566
2018-04-20,35.709861755371094,35.839700916677394,35.45018343275849,35.511043121175675,1786090
2018-04-23,36.168357849121094,36.21704869847015,35.67334504870728,35.742321430244296,1349991
2018-04-24,35.72608947753906,36.221099116317774,35.57190335630428,36.14400915130995,1342720
2018-04-25,35.23918914794922,35.5394415964075,34.971397260299796,35.44612135359386,1508265
2018-04-26,34.7360725402832,35.320350415604516,34.732014195146164,35.247315681189356,2749433
2018-04-27,35.46641540527344,36.062862049458175,35.37715039719397,35.58407953889462,2745233
2018-04-30,35.295997619628906,35.624655418102414,35.09718207924555,35.57596457131861,1990523
2018-05-02,35.60436248779297,35.8112946920995,35.36902806686471,35.54755805454952,2229929
2018-05-03,35.44612503051758,35.78289641872241,35.30411393175945,35.636826975539826,1533646
2018-05-04,35.99794387817383,36.00200222278308,35.433954706275756,35.54350524584599,1938399
2018-05-07,35.76666259765625,35.98982198916401,35.66522566635014,35.96953646026847,905089
2018-05-08,35.88839340209961,35.94114259983332,35.58814088239387,35.70986646650684,1409029
2018-05-09,36.05474853515625,36.2292202070746,35.819414076176166,35.819414076176166,1220725
2018-05-10,35.76666259765625,36.09125892047012,35.65710897830434,36.02228255012823,941570
2018-05-11,36.71611785888672,36.923050105368944,36.07909393144267,36.79321093211952,2243225
2018-05-14,36.36311721801758,36.870301943854415,36.29008249367268,36.870301943854415,1422200
2018-05-15,36.46860885620117,36.62685024060114,36.17647305888498,36.330656098769346,1650031
2018-05-16,36.59439468383789,36.76074967035341,36.33065799751767,36.3915207859931,1357582
2018-05-17,37.07317352294922,37.07317352294922,36.5578721400827,36.5578721400827,1419789
2018-05-18,36.987972259521484,37.3287989378437,36.89870724502467,37.07317892910204,2203113
2018-05-21,37.040714263916016,37.215185928695064,37.00419535492934,37.040714263916016,798631
2018-05-22,36.9798469543457,37.142146661472836,36.841894215433776,37.12997472516995,1147799
2018-05-23,36.40775680541992,37.04072247582565,36.19676618487768,36.906824939205826,2256111
2018-05-24,36.338768005371094,36.598446321337974,36.13183887882886,36.47672385200896,1674824
2018-05-25,35.79507064819336,36.63902679714772,35.73420786036886,36.47672706148573,2535872
2018-05-28,35.38120651245117,36.18053016450187,35.38120651245117,36.05880768327603,1120315
2018-05-29,34.987632751464844,35.23108080256944,34.573768278538104,35.10935522921218,2517637
2018-05-30,35.141815185546875,35.25136572318102,34.65491909177976,34.98763214482959,1915693
2018-05-31,34.79287338256836,35.38932313585285,34.715780311008864,35.29194453193191,2504577
2018-06-01,35.32440185546875,35.63277104481028,35.028207700225295,35.028207700225295,1716452
2018-06-04,35.38120651245117,35.624657666122864,35.14993039295108,35.470471522716124,2181758
2018-06-05,35.19862365722656,35.786956762532654,35.19862365722656,35.32034924241207,1287265
2018-06-06,35.78695297241211,35.815355193199345,35.320345501708935,35.332517439816336,2460099
2018-06-07,35.872161865234375,36.20893016198674,35.83564295618302,35.949251836592,1590864
2018-06-08,34.488563537597656,35.80318556331879,34.196424621746274,35.70580695657169,4164741
2018-06-11,34.764801025390625,34.92385224773546,33.843991268465786,34.070008905518975,3944575
2018-06-12,34.58482360839844,34.96570606250923,34.371365171433,34.82758364332927,2486578
2018-06-13,34.49274826049805,35.04941799896668,34.49274826049805,34.57645708323843,2125474
2018-06-14,34.743873596191406,35.024301630072344,34.25835354354396,34.32113674942582,2258886
2018-06-15,34.237430572509766,34.80665948129135,34.237430572509766,34.73968987165269,3558239
2018-06-18,34.01141357421875,34.287655235994436,33.785395927336744,34.16627521119002,1998392
2018-06-19,33.3040657043457,33.60542259831922,33.00689520981269,33.60542259831922,2339279
2018-06-20,33.25383377075195,33.63471623359552,33.05293133214452,33.437997000547675,1989137
2018-06-21,32.571598052978516,33.467295819961215,32.471146832432,33.36265820051663,2445676
2018-06-22,32.864585876464844,32.91481308913762,32.5757881851359,32.60090019482874,1719164
2018-06-25,32.23675537109375,32.667865031894195,32.107005748949064,32.667865031894195,1305511
2018-06-26,31.88936424255371,32.391623575093796,31.82658102766446,32.391623575093796,1723925
2018-06-27,32.53811264038086,32.965035907978105,31.50010926312663,32.09863656289742,2507421
2018-06-28,31.956329345703125,33.174312807157804,31.692643685985175,33.07385839016226,2819367
2018-06-29,32.035858154296875,32.5674159257504,32.035858154296875,32.307916639194396,2432830
2018-07-02,31.65079116821289,31.834951223810208,31.336878281225687,31.70938798498754,2091819
2018-07-03,31.956329345703125,32.123750180742206,31.57126366041401,31.684270887925464,1676776
2018-07-04,31.776351928710938,31.87261994492509,31.546151078846528,31.87261994492509,1519791
2018-07-05,32.00655746459961,32.25768712765799,31.705200591614787,31.705200591614787,2731822
2018-07-06,31.818206787109375,32.169790858581564,31.562893926495793,32.08189563903522,1939947
2018-07-09,31.91447639465332,32.36232531272223,31.61730591568115,32.02748362733238,1771103
2018-07-10,31.809837341308594,32.065153396484675,31.688457315627602,31.918661363175488,1790431
2018-07-11,31.07318687438965,31.60056137557247,30.97692205181723,31.60056137557247,2705313
2018-07-12,30.88484001159668,31.173640861929222,30.77601599370103,31.173640861929222,2209197
2018-07-13,30.88902473449707,31.228049579858357,30.809499126509,31.182008774527002,2342993
2018-07-16,30.955997467041016,31.24898476017889,30.935071856072934,30.968553472279304,1521541
2018-07-17,30.960182189941406,31.26990867776604,30.817873353943913,30.88902936858617,1318605
2018-07-18,31.361989974975586,31.512668414677275,30.939253063963246,31.056446696334117,1876378
2018-07-19,31.38292121887207,31.462443650859353,31.056449111933784,31.253168378694607,1752293
2018-07-20,31.357803344726562,31.47081377031378,30.964368037992333,31.378732147475887,2228547
2018-07-23,30.972736358642578,31.26153721951414,30.667193094923277,31.223866014785017,1797152
2018-07-24,31.119230270385742,31.374546340973335,30.897399007514853,31.052263848239352,1983814
2018-07-25,30.88902473449707,31.29501599188525,30.755088717156738,31.060628759861306,1621833
2018-07-26,31.10666847229004,31.32431329533889,30.86390845148778,31.173638075250565,2296184
2018-07-27,31.588010787963867,32.79343523262807,31.57545478228309,32.57579034982422,3309608
2018-07-30,31.4875545501709,31.59637537765245,31.33268972035774,31.55452096759902,1545584
2018-07-31,31.87261962890625,31.993999651065494,31.382916334643838,31.483367555528933,2796791
2018-08-01,31.454069137573242,31.952142036180973,31.454069137573242,31.855877214245222,1997216
2018-08-02,30.98529052734375,31.33687457974996,30.935066515061894,31.33687457974996,2270861
2018-08-03,30.922508239746094,31.2447938968251,30.909952236301642,31.048074660764073,1926782
2018-08-06,31.035518646240234,31.140156265955618,30.78438899758066,31.006220240451395,1562624
2018-08-07,31.303394317626953,31.428957559835325,31.11504466438374,31.11504466438374,1522472
2018-08-08,31.202939987182617,31.516852851467004,31.202939987182617,31.307577608610746,1304810
2018-08-09,30.880657196044922,31.20712609432795,30.847172387685873,31.20712609432795,1303230
2018-08-10,30.54999542236328,30.76345703879347,30.28212339884894,30.750901036642237,2476118
2018-08-13,30.29050064086914,30.483033486443425,30.169120613450964,30.445362281175154,1581334
2018-08-14,30.244457244873047,30.491400484403034,30.08959242452072,30.353278065706633,1542215
2018-08-15,29.717084884643555,30.395137830186286,29.578962456114823,30.210974592147977,2151562
2018-08-16,29.88031578063965,29.943098985558535,29.717081363822412,29.88031578063965,1343004
2018-08-17,29.717084884643555,30.039367357923766,29.45758243043383,29.884505719834124,1447821
2018-08-20,29.77986717224121,29.964027211273933,29.67941595156093,29.838463983745267,970055
2018-08-21,30.449548721313477,30.558372744884544,29.696156547801277,29.7798685633509,2173532
2018-08-22,30.738346099853516,30.82205491262061,30.441175663257845,30.46628766843067,1530471
2018-08-23,30.679752349853516,30.830430782480363,30.545816320105963,30.784389972884,1269741
2018-08-24,30.65463638305664,30.884840425287337,30.629524376008476,30.70067719150278,931406
2018-08-27,30.89320945739746,30.997847075874798,30.646266210568555,30.755090227905264,948359
2018-08-28,30.60022735595703,30.95599464282858,30.587671351864266,30.95599464282858,1555866
2018-08-29,30.340723037719727,30.671378296154213,30.1063357935785,30.650452688376863,1869007
2018-08-30,30.428619384765625,30.55418580924162,30.10633691209791,30.37002257155331,1505446
2018-08-31,31.02714729309082,31.299205755675597,30.696492016200015,30.725793616639912,3337132
2018-09-03,30.56255340576172,31.052259874410368,30.332352567064493,30.972734264582023,1802823
2018-09-04,30.29050064086914,30.65045432403011,30.14400541217649,30.65045432403011,2080162
2018-09-05,30.4537353515625,30.558372976828586,30.00588644315512,30.139822475764237,2590323
2018-09-06,30.01844024658203,30.516516328186007,30.01844024658203,30.332353099367058,2076174
2018-09-07,29.604080200195312,30.13982436419926,29.45758496101449,30.127268359306527,2161821
2018-09-10,29.79660987854004,30.077037935496925,29.419913805537703,29.675229855390022,1951598
2018-09-11,29.964025497436523,29.97239829476491,29.666855058009705,29.92635748931842,2011194
2018-09-12,30.144004821777344,30.23190323458611,29.7338271306749,29.901247964982492,1926582
2018-09-13,30.177488327026367,30.42024836664813,29.99332829118113,30.215159529933658,1552884
2018-09-14,30.240272521972656,30.46629016692299,30.081224487357286,30.303055733339992,1663683
2018-09-17,30.512332916259766,30.558373727971507,30.039368794727693,30.181677629096797,2206690
2018-09-18,30.776016235351562,31.286648331078997,30.56255459676505,30.587669796960764,2380079
2018-09-19,31.077373504638672,31.173641521214375,30.596039808333714,30.77183024560749,2231222
2018-09-20,32.027488708496094,32.1070143398825,31.064824298525718,31.094122711149,3817286
2018-09-21,32.27024459838867,32.57578788440831,31.776354854837287,32.13212215977896,29375362
2018-09-24,31.65079116821289,32.36232576806907,31.51266873154964,32.102823298576325,2426492
2018-09-25,31.219684600830078,31.767988003463035,31.211314994713188,31.65079435810251,2043712
2018-09-26,31.223865509033203,31.24479431057559,30.717419805917892,31.223865509033203,1882230
2018-09-27,31.060632705688477,31.207124744313244,30.8890286585243,31.060632705688473,1516105
2018-09-28,31.0941162109375,31.253164247173906,30.847169761918888,31.01877699518619,1980411
2018-10-01,30.53325843811035,31.085744983776557,30.411881600259456,31.085744983776557,2294429
2018-10-02,30.357465744018555,30.549998581247067,30.114705699705183,30.319797733669965,1642731
2018-10-03,30.612783432006836,30.830431481082677,30.41188097947658,30.457918596829295,1616007
2018-10-04,30.215160369873047,30.683934866823126,30.194231568422023,30.545815634421345,2080045
2018-10-05,29.650115966796875,30.28212811761339,29.449213514498357,30.236087307026875,2656083
2018-10-08,29.461769104003906,29.612447537750814,29.378060282272003,29.570593126884866,1537445
2018-10-09,28.81301498413086,29.5915191722122,28.51166130547829,29.51199674837983,4055536
2018-10-10,28.473987579345703,29.05995886810416,28.373536362020047,28.94695164777363,2131790
2018-10-11,27.879648208618164,28.344239504885827,27.867092204927708,28.147520264970552,2449322
2018-10-12,27.917314529418945,28.35260739295821,27.896388922297405,28.24796977749069,1481647
2018-10-15,27.871274948120117,27.925688554258183,27.586663687094667,27.892203749448104,1529101
2018-10-16,28.344240188598633,28.56607144124578,27.867092877130887,27.95498809837106,2014005
2018-10-17,28.08892250061035,28.47398816941057,27.850348858713833,28.469801770559982,1707210
2018-10-18,27.08858871459961,28.04288333816654,27.000693493301274,28.00521532616163,3189221
2018-10-19,26.883501052856445,27.222525949029293,26.573772968434195,27.088589911615216,2488877
2018-10-22,26.908611297607422,27.394128203916125,26.908611297607422,27.055103329972688,1655041
2018-10-23,26.586326599121094,26.783045835039673,26.368680158595797,26.55284179443565,2100704
2018-10-24,25.97105598449707,26.703519296853155,25.97105598449707,26.699334494734178,2656025
2018-10-25,26.410533905029297,26.469132311758283,25.5525057645393,25.757596196482435,2983725
2018-10-26,26.79560089111328,27.716413882554765,26.473318419745187,27.716413882554765,3530377
2018-10-29,27.553178787231445,27.821050838214493,26.724447434118012,27.28948994187017,2385291
2018-10-30,27.482027053833008,27.63688869338849,27.09277496547739,27.56573587557722,2125682
2018-10-31,27.82523536682129,28.335864234300654,27.70803855826782,27.79175056437744,2428560
2018-11-01,27.9215030670166,28.189375127670203,27.5196949760362,27.766638234678453,1533793
2018-11-02,27.544809341430664,28.419581609131285,27.49039892214567,28.2270487486377,2395169
2018-11-05,27.18067169189453,27.66200223351604,27.08859006690317,27.620147820325524,2075117
2018-11-06,26.99650764465332,27.35646133537832,26.896056417305186,27.33553253275761,1568137
2018-11-07,27.331344604492188,27.63688463292623,27.14718139176829,27.16811019077287,2773909
2018-11-08,27.046733856201172,27.821051625269636,26.93790983450858,27.477840350657768,2890217
2018-11-09,26.695152282714844,26.971397165191675,26.485877017791353,26.916983552607807,1854185
2018-11-12,26.03384017944336,26.87931234077419,25.983614568895565,26.78723072423376,2216581
2018-11-13,26.439830780029297,26.632365197710424,26.07150753890722,26.084063541300882,1889096
2018-11-14,26.540285110473633,26.992318785632865,26.104992240584505,26.322638675529067,1698981
2018-11-15,26.452392578125,26.904426299128296,26.176149305110904,26.8709414919055,1660492
2018-11-16,26.322641372680664,26.891870322916645,26.134293323463837,26.531916628111922,1837393
2018-11-19,26.163591384887695,26.749562730989894,26.079882561138927,26.32682742314212,1617515
2018-11-20,25.89153480529785,26.096623661087282,25.665517146692636,26.038026845147446,1758171
2018-11-21,26.079883575439453,26.213819614618696,25.76597068424244,26.08406837813226,1622372
2018-11-22,26.071510314941406,26.255671955111552,25.732483844424703,25.954315092430036,1069094
2018-11-23,26.59469985961914,26.749563101672546,26.063140518902323,26.075696523309936,2094141
2018-11-26,27.674560546875,28.13496546382894,27.209969230749707,27.415058084128958,3293737
2018-11-27,27.787567138671875,27.804309541685026,27.369016643203658,27.66618711179167,2112903
2018-11-28,27.569923400878906,27.90476189482073,27.465285772780774,27.8838362851733,1721894
2018-11-29,27.523881912231445,27.950802019327437,27.419244286706387,27.821052385528176,1384889
2018-11-30,27.402502059936523,27.607590913166348,27.147185996547854,27.607590913166348,2226668
2018-12-03,27.05510139465332,28.105663940100786,26.99231818719159,28.005212724133965,2318941
2018-12-04,26.791418075561523,27.0299917299488,26.707707657243798,26.900238905080734,1607964
2018-12-05,25.99198341369629,26.326825065276374,25.64458735565044,26.264041856444276,2460386
2018-12-06,24.949796676635742,25.715743295647112,24.69448060475078,25.711558492983013,2778046
2018-12-07,25.06280517578125,25.389274065129253,24.76144829537171,25.121401992162326,1660510
2018-12-10,24.7363338470459,24.912125886843558,24.589841811084053,24.874456278075733,2198100
2018-12-11,25.385089874267578,25.611105943377922,24.84934411877947,24.891200129091413,2241032
2018-12-12,25.619474411010742,25.745039235257654,25.12139991628587,25.389271967117512,1786726
2018-12-13,25.385089874267578,25.941761239946352,25.23441143043166,25.728301175607825,2086343
2018-12-14,24.774003982543945,25.12977287216942,24.62751194346747,25.12977287216942,1790942
2018-12-17,24.275928497314453,24.907939036704192,24.125250064971624,24.765631805785233,1912656
2018-12-18,24.095951080322266,24.451718350764196,24.06665267436321,24.087579879099195,1793249
2018-12-19,24.179662704467773,24.292671531662617,24.09176748219738,24.10850828883689,1698106
2018-12-20,23.84482192993164,24.167105998878938,23.589505875529017,23.85319313133015,2363707
2018-12-21,23.941089630126953,23.97875924011108,23.67740236023805,23.756926382807436,3341390
2018-12-24,23.756925582885742,23.869934409032997,23.631360752714382,23.77785438511717,626855
2018-12-27,23.568580627441406,24.129438394566794,23.42627338513665,24.054099172367597,1943279
2018-12-28,24.275928497314453,24.355452515876095,23.75692518553842,23.7904099912339,1548418
2018-12-31,24.414051055908203,24.539615884648367,24.347081444160466,24.405679854439736,437315
2019-01-02,24.091766357421875,24.162919173087378,23.669029475802336,24.07502395492056,1663639
2019-01-03,23.882490158081055,24.238257415424357,23.77366614283119,23.878303759301964,1313288
2019-01-04,24.58565902709961,24.64844064910472,24.00805884411984,24.00805884411984,1724252
2019-01-07,24.393123626708984,24.77400453342059,24.171292363562387,24.753077326893393,1318347
2019-01-08,24.840970993041992,25.096287047920885,24.326154080898842,24.443349304053193,1936520
2019-01-09,24.979093551635742,25.25115201076124,24.723777495425786,24.94560874580467,2188409
2019-01-10,24.778188705444336,25.15069837673212,24.573098267968604,25.14651357446025,1759987
2019-01-11,24.183849334716797,24.92887037068095,23.920163647976963,24.77819192303329,2967231
2019-01-14,24.083398818969727,24.10851082989755,23.731816296187557,23.941091569352096,1739225
2019-01-15,24.11687660217285,24.497757449705976,24.00805418715336,24.28429742166482,1329726
2019-01-16,24.275928497314453,24.359638914909738,24.045726046409982,24.16291967305733,1468716
2019-01-17,24.52287483215332,24.644254865165195,23.949461071455286,24.171292334333636,1869056
2019-01-18,25.037689208984375,25.14651322626657,24.794930764493092,24.845156374276918,2044535
2019-01-21,24.887014389038086,25.079547251642936,24.72377993610599,25.062806443718202,1285083
2019-01-22,25.213485717773438,25.213485717773438,24.807491175227412,24.916313615200313,1721638
2019-01-23,24.870269775390625,25.20511145044054,24.828415364331104,25.066989019985932,1659622
2019-01-24,25.272079467773438,25.301377874845702,24.786560954891453,24.89538338163938,1431588
2019-01-25,25.91664695739746,26.00872858103709,25.238595574474857,25.3348620007147,1954608
2019-01-28,25.858049392700195,26.117551852420224,25.514838110250814,25.77852537244993,1397026
2019-01-29,25.62784767150879,25.912462147548485,25.569250855261235,25.812009322093036,1192613
2019-01-30,25.552505493164062,25.590175098768114,25.355787860914738,25.54832069104953,1162056
2019-01-31,25.213485717773438,26.092441230046024,25.037693657332742,25.598551455601466,2561593
2019-02-01,25.26370620727539,25.435311833274522,24.958164560820517,25.305560614926573,1314823
2019-02-04,24.941423416137695,25.23859387671091,24.891197805096272,25.19673946695029,1373336
2019-02-05,26.519359588623047,26.582141204815873,24.962351238060855,25.11302967155312,4011512
2019-02-06,26.72444725036621,26.74956085371446,26.305896774422227,26.52772961239002,2089449
2019-02-07,26.268226623535156,27.02998994288401,26.264041821385486,26.640737880588585,2485422
2019-02-08,25.84967803955078,26.4063509679694,25.690629999982697,26.205446920638575,2024496
2019-02-11,25.94594383239746,26.10917825705473,25.82456381526754,26.07987985245693,1224802
2019-02-12,25.83712387084961,26.272416802641903,25.83712387084961,26.272416802641903,1506634
2019-02-13,26.029653549194336,26.180331976141996,25.837120713269375,25.853863115517637,1335030
2019-02-14,26.448205947875977,26.678410003913136,26.20126108501714,26.20126108501714,2052244
2019-02-15,27.348087310791016,27.511324938682087,26.368680703165392,26.502616731386507,2729001
2019-02-18,27.402502059936523,27.477841278531326,27.16811479910244,27.348088450609374,1221283
2019-02-19,27.444355010986328,27.595033440155817,27.18903896118729,27.423426209545713,1395451
2019-02-20,27.766639709472656,27.85035172867746,27.456913221632433,27.482028424037384,1536631
2019-02-21,27.582477569580078,27.93405844381267,27.306232717008662,27.900576831947742,1453268
2019-02-22,27.130443572998047,27.60340449348301,26.45657700531395,26.68677946345211,3219015
2019-02-25,27.260190963745117,27.3480861792579,26.988135712852213,27.193224549048708,1559109
2019-02-26,27.247634887695312,27.377387704493824,26.72863320036124,27.201594080651752,2043977
2019-02-27,26.703521728515625,27.16392823905074,26.703521728515625,27.08021622261513,2197783
2019-02-28,26.502614974975586,26.791415813960395,26.444018166092665,26.72444620764472,2654081
2019-03-01,26.230560302734375,26.753748452349885,26.213819495395757,26.74537884700234,2469364
2019-03-04,26.6407413482666,26.816531801014172,26.372867673163807,26.397981279260687,2009249
2019-03-05,26.548656463623047,26.787230104005378,26.402164437649102,26.741189296801185,1776116
2019-03-06,26.28915786743164,26.552843536736468,26.28915786743164,26.43983470847291,1682722
2019-03-07,26.063138961791992,26.29334140982492,25.95850134026399,26.28497020850547,2480926
2019-03-08,26.088253021240234,26.180333044075045,25.761782550655322,25.89571858081816,2689028
2019-03-11,26.268226623535156,26.293340226363135,25.7073689335235,26.11754979649724,2107819
2019-03-12,26.72026252746582,27.28948983525933,26.628180911558864,26.946278571697693,3794569
2019-03-13,26.942096710205078,26.942096710205078,26.45657659966877,26.53610221615345,2352275
2019-03-14,27.373201370239258,27.641073415513517,27.021617315012627,27.021617315012627,2433105
2019-03-15,27.71222686767578,27.749898071344205,27.23926597536982,27.373202001093695,3868218
2019-03-18,27.578292846679688,27.787568101666352,27.511326425593182,27.779198496513153,1194557
2019-03-19,27.343904495239258,27.615962954557162,27.343904495239258,27.548993342847652,1888660
2019-03-20,27.260190963745117,27.49458139839921,27.230892558574187,27.49458139839921,1153664
2019-03-21,27.092775344848633,27.389945817474683,27.00487692951348,27.247636986572587,1387602
2019-03-22,26.058956146240234,27.176486928088206,25.97106091526444,27.14718851776294,2324038
2019-03-25,25.72411346435547,26.092438353098746,25.535765419166097,25.950131118582714,1654073
2019-03-26,26.01709747314453,26.092436686407883,25.259520538282324,25.66551501013001,2072346
2019-03-27,26.820716857910156,27.013249705085574,26.23055911899878,26.251487921353743,3430163
2019-03-28,26.607254028320312,26.954651694969055,26.5737708199956,26.787230863415356,1758403
2019-03-29,27.046733856201172,27.339717922350268,26.71189218635635,26.79978740620108,1908758
2019-04-01,27.854537963867188,27.9591755922915,27.2392681978063,27.2392681978063,2341220
2019-04-02,28.07217788696289,28.139147490149668,27.55735944064544,27.749895453164214,1659169
2019-04-03,28.86324119567871,29.633375752143856,28.83812918831453,29.633375752143856,3723398
2019-04-04,29.13948631286621,29.31946315160331,28.561884591981798,28.863241456219434,2162888
2019-04-05,29.382244110107422,29.45758332857588,29.068331232036673,29.126928047146926,2202997
2019-04-08,29.239938735961914,29.54966521767279,29.239938735961914,29.382244375863387,1761204
2019-04-09,29.001365661621094,29.478512994805936,28.946955244077916,29.13530169912408,1799491
2019-04-10,29.298538208007812,29.562223902296477,29.005554103242634,29.005554103242634,1861486
2019-04-11,29.763126373291016,30.060296845723897,29.290165456875908,29.419915090297994,2096914
2019-04-12,30.035186767578125,30.286316445588408,29.503625809057365,29.876135523318162,1381178
2019-04-15,30.236085891723633,30.269570696634982,29.892874624599177,30.03936665447789,1261459
2019-04-16,30.771827697753906,30.822054901367736,30.16493082219773,30.20260202322973,2022728
2019-04-17,30.90158462524414,31.056446268764887,30.717421380747105,30.834615011504514,1594807
2019-04-18,30.863914489746094,31.140159366073537,30.428621565200668,30.738351249559386,2053422
2019-04-23,30.541627883911133,30.721604711250432,30.39931906557264,30.696489511963275,1358762
2019-04-24,30.29050064086914,30.750905549267372,30.25701583469443,30.46629108335607,1435124
2019-04-25,29.905433654785156,30.336543376755298,29.809168822530705,30.227719346422937,1821927
2019-04-26,30.25283432006836,30.52489282591104,30.05611504363923,30.39514317264391,2070612
2019-04-29,30.50395965576172,30.583485273565998,30.244460386357314,30.365840416005508,1135155
2019-04-30,30.50395965576172,30.64626848797533,30.286314798201225,30.378396420229986,1587134
2019-05-02,30.411882400512695,30.80531771897112,30.19423434126696,30.550001645598464,1555765
2019-05-03,30.236085891723633,30.39513711840917,30.127265065691876,30.382577921602348,1219243
2019-05-06,29.704530715942383,29.704530715942383,29.202268179341456,29.63337789440887,1690216
2019-05-07,29.04740333557129,29.76731065685295,28.921836916915492,29.763124258021307,2278767
2019-05-08,29.193893432617188,29.332015845353805,28.78789899151732,28.8799806000084,1314257
2019-05-09,28.4321346282959,28.988807540802064,28.38609381939468,28.988807540802064,1991291
2019-05-10,28.473987579345703,28.84649723716135,28.432133171567234,28.662337204278757,1243649
2019-05-13,27.950801849365234,28.58700039692968,27.867093026768966,28.57025799375305,1643074
2019-05-14,28.323312759399414,28.386095975696367,28.063813482192977,28.1265935052029,1358679
2019-05-15,28.499103546142578,28.695822802656593,28.009400201173907,28.61630037481151,1760198
2019-05-16,28.871614456176758,28.871614456176758,28.31075513419304,28.46143356736557,1690825
2019-05-17,28.545143127441406,28.775347182213892,28.273087854166384,28.73349277042442,2268964
2019-05-20,28.440500259399414,28.78371148207422,28.30656425038696,28.54513786623059,1764454
2019-05-21,28.327497482299805,28.708376770263712,28.256344664907964,28.649779956730804,1733715
2019-05-22,28.16844940185547,28.453063864277695,27.883834939433243,28.402836655631358,1635120
2019-05-23,27.728971481323242,28.026141962306003,27.657818660514764,27.975914751171608,1851722
2019-05-24,27.7917537689209,28.097293844913562,27.758268962616064,27.896391393658337,1793459
2019-05-27,27.812679290771484,28.109852954187357,27.712228065458543,28.08055135379725,857614
2019-05-28,27.716415405273438,27.959175468532166,27.636889786171132,27.81268023475698,2143177
2019-05-29,27.138813018798828,27.394129080499624,27.105331405534542,27.37320347137031,1936623
2019-05-30,27.43598747253418,27.519696298027068,27.256010623766173,27.297865036512615,846692
2019-05-31,27.13463020324707,27.197413418111907,26.866758133558257,27.126257404845383,1862678
2019-06-03,27.35227394104004,27.38575874670012,26.766304211779318,26.97557786058118,2575169
2019-06-04,27.620145797729492,27.728969818685393,27.000692863982863,27.26437852173202,1907774
2019-06-05,27.93824577331543,28.164263425687242,27.56992248423927,27.779197733477588,2179417
2019-06-06,27.716415405273438,27.988473876629808,27.578292969975852,27.921504261956922,1826796
2019-06-07,28.097293853759766,28.4195795262932,27.666187350631695,27.79175377767091,2258346
2019-06-10,28.419801712036133,28.472101272082796,28.236758239433385,28.384935338671696,973013
2019-06-11,29.182483673095703,29.33066408468098,28.398010289837483,28.472098833110078,2286303
2019-06-12,29.191204071044922,29.226067118941742,28.72051801151435,28.93842785481106,1719155
2019-06-13,29.43962287902832,29.43962287902832,28.73795287662375,28.864340992123264,1482590
2019-06-14,28.99508285522461,29.308873557662537,28.938427493688987,29.30015862705717,1214005
2019-06-17,28.92099380493164,29.12147045577472,28.864338444380415,29.06917089793035,992842
2019-06-18,29.980037689208984,29.980037689208984,28.74666713496614,28.894847562615887,3047010
2019-06-19,30.15000343322754,30.407135429968267,29.853645939078877,29.949526793809333,1863636
2019-06-20,29.953887939453125,30.45943703703869,29.953887939453125,30.354841245303792,1509083
2019-06-21,29.653169631958008,30.42892808341216,29.653169631958008,30.02797480008261,4089417
2019-06-24,29.78827667236328,29.910305659807623,29.57036681620109,29.679321744282188,2011906
2019-06-25,29.54857635498047,29.609590845665956,29.34809637125345,29.54857635498047,1357235
2019-06-26,29.544219970703125,29.71418939983134,29.352458225003325,29.42654678128164,1390698
2019-06-27,29.600873947143555,29.801350615022827,29.509352206918702,29.583440759713984,1036091
2019-06-28,29.875442504882812,29.875442504882812,29.52678540623213,29.548577721787993,1288789
2019-07-01,30.363555908203125,30.768868338273457,30.08027245492124,30.250245186922562,2067788
2019-07-02,29.757766723632812,30.37227405823518,29.57472325908581,30.354840872320196,2034847
2019-07-03,30.12386131286621,30.176157553096843,29.60523476364104,29.89723318839777,1427592
2019-07-04,30.11077880859375,30.30254052361296,30.102063878383852,30.128211994053693,654299
2019-07-05,29.6793155670166,30.106420259217447,29.526779364459095,30.106420259217447,1085661
2019-07-08,29.60959243774414,29.82314316662576,29.504993312338804,29.61830736900765,869234
2019-07-09,29.09967803955078,29.535497711597635,28.93842688891919,29.461409165359324,1682724
2019-07-10,29.365528106689453,29.744692415817642,29.151977399843556,29.156336527545776,1492533
2019-07-11,29.025590896606445,29.4526956588792,28.986368720245267,29.352455666444445,1372148
2019-07-12,29.365528106689453,29.57036388317111,28.968933936832787,29.025589296800824,1154871
2019-07-15,29.535499572753906,29.727261304551106,29.243501172092117,29.461411021846963,952172
2019-07-16,30.219738006591797,30.31126307448719,29.54857855899008,29.59651899453886,1614644
2019-07-17,29.958242416381836,30.485583804551094,29.840572571517672,30.215377744107414,1112004
2019-07-18,29.7664852142334,30.01054316889053,29.605230737026222,29.94516955245301,1426040
2019-07-19,29.757766723632812,30.136931035943224,29.644452677705523,29.975676560009784,869424
2019-07-22,29.779560089111328,29.818782265025213,29.404754891301465,29.757767774687824,1156282
2019-07-23,30.18922996520996,30.367917643019126,29.87108343770463,29.87108343770463,1523117
2019-07-24,30.651201248168945,30.799378354738057,29.96260530283586,30.258962841014622,2155685
2019-07-25,30.751436233520508,31.087019256528095,30.38970841819074,30.93883883304621,2010555
2019-07-26,31.901996612548828,31.9935216638291,30.92140241349458,30.938835598260347,2850101
2019-07-29,31.601287841796875,31.91071943433329,31.426959294230315,31.6579432066138,1307331
2019-07-30,30.47687339782715,31.601289082484254,30.28947078371763,31.583855894539113,2454018
2019-07-31,30.293825149536133,30.738359734610786,30.293825149536133,30.507375849471206,1510182
2019-08-01,30.40278434753418,30.63376826522318,30.171800429845185,30.289470290257114,1014560
2019-08-02,29.01251792907715,29.683680680727367,28.733593580994008,29.63574024667803,2497130
2019-08-05,28.119083404541016,28.798964344945144,27.91425095442919,28.764097973634126,2599038
2019-08-06,28.406726837158203,28.97764955317669,27.997055274496844,28.097295263779618,2114394
2019-08-07,28.489534378051758,28.955861314098787,28.28033946349816,28.572337858257246,1331237
2019-08-08,29.195560455322266,29.195560455322266,28.611563659675934,28.925354372278907,1428193
2019-08-09,28.59412956237793,28.95586069594607,28.476456386378516,28.929709254034922,1259446
2019-08-12,28.546192169189453,28.99944508507917,28.4415963655351,28.78153522119223,823211
2019-08-13,28.659503936767578,29.095323629677495,28.097296133908937,28.45902727703386,1866502
2019-08-14,27.81401252746582,28.76409958619321,27.67455035944347,28.74666639956037,1957838
2019-08-15,27.399982452392578,28.01448812653495,27.06876023149802,27.905533207981197,1837726
2019-08-16,27.809656143188477,27.814013608755992,27.365119841890483,27.47407476880116,942500
2019-08-19,28.19317626953125,28.32827930682784,27.92296686989777,27.992699614980072,1221975
2019-08-20,27.905534744262695,28.23675864591222,27.774789167304284,28.18881821310609,1190105
2019-08-21,28.005773544311523,28.36750135137738,27.93168167174308,27.944759055165942,1061902
2019-08-22,27.944759368896484,28.210609642461282,27.683266560668088,27.922967054654,1694418
2019-08-23,27.617895126342773,28.214967675841546,27.617895126342773,28.04063912324089,1249860
2019-08-26,27.613534927368164,27.879385195635155,27.325894007813083,27.53508725271495,791639
2019-08-27,27.71813201904297,27.879386503684856,27.19950717896501,27.60481962951643,1325852
2019-08-28,27.334609985351562,27.661474734873387,27.125416745160006,27.661474734873387,1648211
2019-08-29,27.84016227722168,27.97526697969939,27.23873063920244,27.23873063920244,1252746
2019-08-30,28.607202529907227,28.655142959035825,27.96654709067977,27.96654709067977,2018788
2019-09-02,28.42852020263672,28.829473524517404,28.38929470101774,28.550549185379502,929221
2019-09-03,28.297771453857422,28.463381732307674,28.079861617719615,28.41980043008816,744777
2019-09-04,28.624635696411133,28.781531041629137,28.45466629326499,28.52875483821789,950594
2019-09-05,29.112756729125977,29.287081945735054,28.825114136648327,28.873054568727934,1170583
2019-09-06,29.191204071044922,29.400395658587176,29.073530893642115,29.173770884576346,1003903
2019-09-09,29.59215545654297,29.59215545654297,29.051740011390677,29.199917099158196,844297
2019-09-10,30.808095932006836,30.829884922177065,29.635739864529416,29.635739864529416,2619524
2019-09-11,30.738365173339844,31.256991718557487,30.703498796761703,30.943200979435574,1416279
2019-09-12,30.620695114135742,31.108811082965673,30.35484481323773,30.86911222685545,1916810
2019-09-13,31.361583709716797,31.531553118566293,30.659913760347237,30.659913760347237,1561688
2019-09-16,30.917049407958984,31.13495924968401,30.742720869570906,31.100092876998332,1256031
2019-09-17,30.10206413269043,30.834241302992783,29.84057299866248,30.834241302992783,1730985
2019-09-18,30.241527557373047,30.380989723023696,29.85800743309384,29.97131815671978,1226050
2019-09-19,30.72528839111328,30.799376940997053,30.250246521227513,30.35048318870782,1273528
2019-09-20,30.842958450317383,31.16110829169795,30.7165736644006,30.768869899941226,2564798
2019-09-23,30.21537971496582,30.873465048682398,30.019258860679678,30.786302441248782,1206880
2019-09-24,29.971317291259766,30.459436519462127,29.892869617531534,30.280752183494617,862312
2019-09-25,29.818782806396484,29.83185686527181,29.343740933710784,29.823141934368394,1240470
2019-09-26,29.966964721679688,30.13693414558861,29.722903418726936,29.722903418726936,870609
2019-09-27,30.71221351623535,30.755794819418337,30.07591717965094,30.119498482833926,1750577
2019-09-30,31.379016876220703,31.618719029596832,30.851675463833494,30.938838069584666,2504083
2019-10-01,31.705883026123047,32.04582185852037,31.248271013255618,31.553346796847375,2346628
2019-10-02,30.46379280090332,31.77125169085591,30.459433673592304,31.62307128764053,2515812
2019-10-03,29.90159034729004,30.402783675080233,29.504992818112594,30.402783675080233,2028352
2019-10-04,30.341766357421875,30.380988531360025,29.683677730458093,29.980035236471437,1637466
2019-10-07,30.272031784057617,30.372271764237667,29.72289810685209,30.367912636828105,1521191
2019-10-08,29.27400779724121,30.24588716955493,29.239141424010146,30.24588716955493,2176238
2019-10-09,29.491920471191406,29.783918893668783,29.195562920381935,29.313236110063713,1145550
2019-10-10,30.716575622558594,30.768871861433066,29.792636610302395,29.993113284415976,2446126
2019-10-11,32.15913391113281,32.20271521320991,30.607616946914543,30.908330258774697,2491891
2019-10-14,32.04145812988281,32.11119086756227,31.596923564816077,32.06760956903258,1519533
2019-10-15,33.04384994506836,33.449162404271576,32.20271778027203,32.215791839433344,2596701
2019-10-16,32.947967529296875,33.205102872532656,32.59059552050841,33.04384839202749,1595550
2019-10-17,32.947967529296875,33.5406825670495,32.62546189332687,32.73005768674195,1535553
2019-10-18,32.84773254394531,33.35764080359659,32.756210804395636,32.83465515968923,1473047
2019-10-21,33.270469665527344,33.55811222346192,32.80850191191845,32.82593509649388,1458846
2019-10-22,32.97847366333008,33.44044477501185,32.70826759569002,33.24868305601035,1731947
2019-10-23,32.86952590942383,33.13537623232891,32.29424395208056,32.42063208305519,1441461
2019-10-24,32.64289474487305,33.32713151047474,32.53393982471328,33.04820718086898,1444576
2019-10-25,32.285526275634766,32.512151071369104,31.814840170985768,31.989168727341763,2630624
2019-10-28,32.12862777709961,32.56008833513664,32.024031983493124,32.250656757147226,1829354
2019-10-29,32.73005676269531,32.96539978501519,32.13734174167643,32.172208113510536,1960702
2019-10-30,32.407554626464844,32.73877854448469,32.03274940147831,32.73877854448469,1072318
2019-10-31,31.78868865966797,32.50778847472253,31.583852877182252,32.50778847472253,1791611
2019-11-01,32.22886276245117,32.29859550457991,31.910716270349237,31.971730757191803,1051622
2019-11-04,32.86080551147461,32.99590855226811,32.35961219960398,32.39011944510704,1461114
2019-11-05,32.78671646118164,33.12229615659253,32.61674372449887,33.01334123502479,1160373
2019-11-06,32.6821174621582,33.017700483838624,32.55137355082221,32.83901281579366,1101717
2019-11-07,32.677764892578125,32.91746374959771,32.49907720685308,32.773642440361556,997395
2019-11-08,32.647254943847656,32.695192051253706,32.25501655339511,32.551374078954765,1081678
2019-11-11,32.647254943847656,32.89131290900018,32.23322423863203,32.41626771249642,771732
2019-11-12,33.16587829589844,33.42736944924179,32.61674454634912,32.81722453312078,1419974
2019-11-13,32.006595611572266,33.122292832441715,32.006595611572266,32.991545609666076,2211035
2019-11-14,31.980451583862305,32.18092826688526,31.714601274300374,32.00660302950235,1573006
2019-11-15,32.669044494628906,32.98719434041555,32.09376262043207,32.09376262043207,1883187
2019-11-18,32.302955627441406,32.690834873622215,32.07632753358101,32.599313140538676,1023998
2019-11-19,32.22450637817383,32.57316010740361,32.05017785103889,32.26808767869754,1004756
2019-11-20,32.028385162353516,32.1329842724309,31.47489566961426,31.901997064790052,1500589
2019-11-21,31.640504837036133,31.854055527181995,31.470535445383717,31.736385688745685,1509204
2019-11-22,31.570775985717773,32.124265469008364,31.413880648320127,31.684086698807185,1547454
2019-11-25,31.888925552368164,32.26373074745879,31.836629318195726,31.849703376738837,1332821
2019-11-26,32.3291015625,32.346534747392916,31.688446149105584,31.90199684522371,2240301
2019-11-27,32.73005676269531,32.961040657275866,32.250655787617156,32.37704389173562,1598475
2019-11-28,32.47292709350586,32.59931520673865,32.320390862031964,32.55573057628285,781989
2019-11-29,32.032745361328125,32.263729251655086,31.915075514855204,32.25501432137716,1176641
2019-12-02,32.0240364074707,32.6821218300734,31.936870463223443,32.08940670935517,2110019
2019-12-03,31.422597885131836,32.250655932182404,31.222121233747423,32.13734188573374,2052179
2019-12-04,32.39883041381836,32.47727808195273,31.531550261972722,31.557701701377496,1886368
2019-12-05,32.85208511352539,32.9741174126211,32.49907224928755,32.55137180604285,2054894
2019-12-06,32.83465576171875,33.24432735820152,32.71262677341509,33.000269381594194,1427211
2019-12-09,32.66033172607422,32.904389711577544,32.547017664930245,32.83465695855335,1080935
2019-12-10,32.83465576171875,32.843374018049325,32.30731430509761,32.68647865450446,1642285
2019-12-11,33.05256271362305,33.13101038849881,32.472925070139084,32.76056432799004,1637168
2019-12-12,33.07435607910156,33.43608722058782,32.76492449754211,33.12229651110771,1484169
2019-12-13,33.183311462402344,34.486411425374904,33.183311462402344,33.99393636479689,3101991
2019-12-16,33.75423812866211,33.91985176081085,33.34021069837185,33.3707179477086,1702913
2019-12-17,32.99591064453125,33.81960965038487,32.99591064453125,33.71501384846203,1551953
2019-12-18,32.629817962646484,33.17459251796958,32.56008522354592,32.917457198836274,1502630
2019-12-19,32.424983978271484,32.69519004452295,32.19835588879068,32.608027440901225,1312076
2019-12-20,32.36397171020508,32.58623736219522,32.25937258863751,32.42934532992471,2226112
2019-12-23,32.246299743652344,32.50343510421893,32.15913713077178,32.272451187548945,707539
2019-12-24,32.31167221069336,32.494715686223074,32.21579134492815,32.21579134492815,277248
2019-12-25,32.31167221069336,32.31167221069336,32.31167221069336,32.31167221069336,0
2019-12-27,32.32039260864258,32.45113653195404,32.12427173611441,32.311674352064095,837077
2019-12-30,31.827913284301758,32.237584880799055,31.78869110593443,32.189644446100836,998713
2019-12-31,31.814836502075195,31.989165038327496,31.640507965822895,31.771255199272186,401390
2020-01-02,32.23758316040039,32.472926193166664,31.91943332211255,31.98480694094324,1051278
2020-01-03,31.67537498474121,32.08940235738265,31.50104644492995,32.08940235738265,1306955
2020-01-06,31.379016876220703,31.41823905129665,30.91704908066701,31.161107036802505,1500797
2020-01-07,31.25263023376465,31.605643126139153,31.14803443695747,31.431317906473996,1321049
2020-01-08,31.29185676574707,31.29185676574707,30.607619948413074,30.9431996648592,1736104
2020-01-09,31.108810424804688,31.640511015351667,30.917052008981624,31.55334840134487,1178383
2020-01-10,30.699142456054688,31.161110299985527,30.550962020711953,31.06522942859446,1848283
2020-01-13,31.091373443603516,31.204687488019616,30.72964564707242,30.72964564707242,1345088
2020-01-14,31.331079483032227,31.627437026373872,30.925767009418514,31.187258177063356,1275526
2020-01-15,30.877822875976562,31.331075730628864,30.76886795875361,31.27006124298723,1376330
2020-01-16,30.568389892578125,30.895254629089905,30.363554125691007,30.829881016779538,1425562
2020-01-17,30.825529098510742,31.091376058668352,30.668633739212193,30.68170779831366,1316992
2020-01-20,30.620695114135742,30.89961947490732,30.620695114135742,30.838604978803577,679329
2020-01-21,30.59018325805664,30.821167147803216,30.263318510292958,30.507376457943657,1186155
2020-01-22,30.507381439208984,30.85603855710194,30.363560128700087,30.61197724456059,1692000
2020-01-23,30.2066593170166,30.47686870096277,30.123855843338987,30.367913786877395,1423292
2020-01-24,30.690420150756836,31.19161343279244,30.550957990324683,30.550957990324683,1661504
2020-01-27,30.4986629486084,30.4986629486084,30.084632253794112,30.328690212815374,1625435
2020-01-28,30.511737823486328,30.63376680626194,30.219736100369943,30.568393186906317,1151120
2020-01-29,30.847318649291992,31.104454008109137,30.51173893444037,30.51173893444037,1252248
2020-01-30,30.28075408935547,30.50301974137461,30.09335148615631,30.424572062708908,1553041
2020-01-31,29.840574264526367,30.590184652235084,29.692393843099143,30.45072248650139,1698810
2020-02-03,29.796993255615234,30.150006138764333,29.753408626797526,29.836215431502758,1324545
2020-02-04,30.263322830200195,30.36355950513342,29.892873403156468,29.936458035778532,1325954
2020-02-05,30.568389892578125,30.86474738668374,30.145644301349822,30.167436613799957,1806437
2020-02-06,30.629404067993164,31.296207591735186,30.629404067993164,30.925761559105176,1905399
2020-02-07,30.67298698425293,30.67298698425293,30.35048136149695,30.46815453367777,906728
2020-02-10,30.638124465942383,30.75143518735211,30.43328868679675,30.442003617274327,797107
2020-02-11,30.917049407958984,31.06522650431265,30.638125076554182,30.899616221616146,986407
2020-02-12,31.41823959350586,31.4705391528833,30.82116875122165,30.882183241308496,1337117
2020-02-13,31.435678482055664,31.435678482055664,31.13060597628458,31.291860486501257,1109434
2020-02-14,31.28313446044922,31.653580504045088,31.248268089865107,31.501044289039744,806223
2020-02-17,31.727676391601562,31.7930466884268,31.26570523544652,31.291856679217148,897179
2020-02-18,31.008569717407227,31.396448951848644,30.934481172635305,31.331075337327473,1482537
2020-02-19,31.047794342041016,31.19597476832253,30.81681043420024,31.082660715876717,880332
2020-02-20,31.187257766723633,31.49668936562015,30.951914721427574,31.030362403192925,1190370
2020-02-21,31.21776008605957,31.426954979425854,30.707851897594285,31.012927645210116,1228327
2020-02-24,30.20230484008789,30.446362794338217,29.888514141743045,30.446362794338217,3409302
2020-02-25,29.866724014282227,30.33305096816998,29.766487343609054,30.25896241592625,2027551
2020-02-26,30.014902114868164,30.014902114868164,29.300158116238304,29.70111141790086,2546420
2020-02-27,28.798965454101562,29.801348730097523,28.572337356891826,29.54857584095786,3204400
2020-02-28,27.543804168701172,28.528755916144924,27.530728447758896,28.206250283251368,5141062
2020-03-02,27.82272720336914,28.323918815622115,27.09490750554777,28.271622584367975,3268113
2020-03-03,28.585411071777344,29.195559285724496,28.46774122178538,28.524396582886656,3877018
2020-03-04,28.886125564575195,29.339378394787676,28.432872734362718,28.67693399680945,2449834
2020-03-05,28.44594955444336,29.356814430798394,28.20189159333327,29.173770959965825,2158638
2020-03-06,27.465356826782227,28.197532370158473,27.421773860645438,27.76607181178533,3297428
2020-03-09,25.011693954467773,26.20584074215533,24.75456024813288,24.841724526343413,4409194
2020-03-10,24.649961471557617,26.279926128686526,24.527930831771407,25.27754120645194,3831279
2020-03-11,24.61073875427246,25.66542162011762,24.510500423739092,24.994258889568773,3135591
2020-03-12,20.701435089111328,23.39044175425569,20.518391618964657,23.09844336258738,6047536
2020-03-13,20.357139587402344,22.18758282170283,19.982334346269344,21.376957842046874,5149241
2020-03-16,16.874940872192383,19.075830227651597,16.679692817276983,18.648727081767106,5494785
2020-03-17,17.19744300842285,17.567890708831815,15.471597591578353,17.567890708831815,4504356
2020-03-18,15.689508438110352,16.946411899768567,15.133402102309953,16.66051496186123,3303672
2020-03-19,15.801078796386719,16.25433166982601,14.301859671764653,15.76272611862796,3354914
2020-03-20,16.320575714111328,17.186984760591223,16.00852734267304,16.735475891123677,4183498
2020-03-23,15.635468482971191,16.90457499863992,14.952102796641745,16.12358611784065,3302646
2020-03-24,17.4981632232666,17.4981632232666,15.996327109346096,16.297914954586016,3359014
2020-03-25,18.923290252685547,20.169734839393254,17.637623489667362,18.67923228886822,3333925
2020-03-26,19.502931594848633,19.524722247366764,17.868607718185338,18.365441910687746,2781557
2020-03-27,18.932004928588867,19.96053956484867,18.701021046935953,19.489855209072164,2645772
2020-03-30,18.692306518554688,19.45935011547465,18.14753189788093,19.071469189037963,1422550
2020-03-31,19.319887161254883,19.546511931237106,18.73152959730064,19.524721279798833,2504136
2020-04-01,18.80997657775879,19.245796240508085,18.304425835470408,19.15863197545421,1848438
2020-04-02,19.001737594604492,19.42012575557917,18.531053199473195,18.853558835253494,1432948
2020-04-03,18.905858993530273,19.12376884286205,18.592068278486053,19.054037757576687,1414390
2020-04-06,21.023944854736328,21.320300746523458,19.655469483365703,20.134872191813866,3372742
2020-04-07,22.000179290771484,22.592894376639478,21.451047174464545,21.703821747837484,2185550
2020-04-08,21.6253719329834,22.22680355346515,21.13725435966784,21.895581330059628,1776779
2020-04-09,22.64518928527832,22.889248895009537,21.764833366717944,22.27910070194153,2556937
2020-04-14,21.886865615844727,22.976414853391436,21.721253666231974,22.95898166658584,1635318
2020-04-15,20.840898513793945,22.13092446348241,20.753734238810612,21.94788098228565,2528927
2020-04-16,21.0849552154541,21.41617741924832,20.8844769121502,20.928059874833668,1707688
2020-04-17,21.6253719329834,22.0960579827135,21.31158289568346,21.860714957848447,1756210
2020-04-20,21.520774841308594,21.913011529868317,20.884476887054763,21.799699152067518,880167
2020-04-21,20.640419006347656,21.35516297037327,20.63170241379612,21.311581670135627,1272561
2020-04-22,21.05008888244629,21.45976041979355,20.65785219272321,20.74501479320387,1024904
2020-04-23,21.032655715942383,21.259282134936594,20.64913561843221,21.189551056978377,1389150
2020-04-24,20.012840270996094,20.69271961662118,20.012840270996094,20.65785490435644,1802112
2020-04-27,20.396358489990234,20.81474493862635,20.14358396738423,20.7101491577273,1287675
2020-04-28,20.73630142211914,20.90191170549894,20.317913260765543,20.396360937111833,1828967
2020-04-29,22.183223724365234,22.183223724365234,20.622988377190516,20.788600331155042,2353108
2020-04-30,21.102386474609375,22.610323714234905,21.015223875370456,22.32268281419443,2023032
2020-05-04,20.134868621826172,20.58812146717071,20.09128565831993,20.57940487446946,1461029
2020-05-05,21.14596939086914,21.14596939086914,20.413792253714693,20.57068759203636,1183587
2020-05-06,20.78860092163086,21.433613906025858,20.78860092163086,21.163406145844778,1047687
2020-05-07,21.19826889038086,21.19826889038086,20.43122698794161,20.832180294041184,1306232
2020-05-08,22.13964080810547,22.296536168805943,21.451046534778143,21.503344434171552,1419695
2020-05-11,21.878149032592773,22.44471430387589,21.71253708290318,22.40113299936188,891733
2020-05-12,21.28543472290039,22.000178781968714,21.1808372608932,21.87814979506054,1142287
2020-05-13,20.753732681274414,21.276716629404987,20.64913688916038,21.276716629404987,1194485
2020-05-14,20.387645721435547,20.56197427232174,19.733916149392726,20.527107897136393,1714667
2020-05-15,20.152301788330078,20.919343657599914,20.00412303758794,20.64041934150179,1316133
2020-05-18,22.043760299682617,22.043760299682617,20.431227144794445,20.736301254506287,1662179
2020-05-19,21.63408851623535,22.183222240671697,21.128537757043233,22.183222240671697,1685213
2020-05-20,21.668954849243164,21.764834047566808,20.640420146621306,21.451045010976504,1777296
2020-05-21,22.7236385345459,23.54298002316303,21.36388155744102,21.564358217282596,3958798
2020-05-22,23.36865234375,23.813188646673556,22.38370053238465,22.72363937358256,3492214
2020-05-25,24.25772476196289,24.25772476196289,23.31635426379461,23.68244288322229,2121676
2020-05-26,24.318737030029297,24.71097539443303,23.970081629737138,24.318737030029297,2581007
2020-05-27,24.65867805480957,25.111929254126935,24.292589460636233,24.710975950400012,3195702
2020-05-28,25.138080596923828,25.722079065325744,24.77199197997755,25.016051612115145,2782578
2020-05-29,25.33855628967285,25.53031801561382,24.493066696951843,24.780707623343126,4498684
2020-06-01,25.478015899658203,25.800523166593116,25.37342011647715,25.713358905595573,966625
2020-06-02,26.750612258911133,26.750612258911133,25.826673345995374,25.931270800059092,3529174
2020-06-03,27.195148468017578,27.24744636367158,26.585000256147136,27.0556863045935,3123517
2020-06-04,27.28231430053711,27.40434495485848,26.637301302771068,26.890077542953605,2193895
2020-06-05,28.45030975341797,28.45030975341797,27.683267805662975,27.718132517482633,2749507
2020-06-08,28.929710388183594,29.30451559488087,27.936042007652375,27.970908381540593,2708113
2020-06-09,27.883745193481445,29.043025570014976,27.456642071865964,28.964577888236594,2944181
2020-06-10,27.465356826782227,28.389294096120015,27.33461125341219,27.883743326574415,2140802
2020-06-11,26.306076049804688,27.0033868701194,26.096882803710272,26.707029355855614,3059908
2020-06-12,26.07073211669922,27.03825230090116,25.01604932988311,25.80924098381657,2244923
2020-06-15,26.61115074157715,26.881358482568444,25.277541898101102,25.277541898101102,2434757
2020-06-16,27.42177391052246,28.110369814054724,27.01210400321249,27.97090764720366,2834592
2020-06-17,27.639684677124023,28.17138524507599,27.203864975529356,27.43049141986101,1739445
2020-06-18,27.56995391845703,28.023208475017935,27.273598047375327,27.508939425513145,1185250
2020-06-19,27.186431884765625,27.822728213431837,27.055686314323548,27.75299713169472,3044107
2020-06-22,27.299741744995117,27.526368155316785,26.62857910625633,26.951086368546385,1351726
2020-06-23,27.317176818847656,27.92732501672398,26.776759701084043,27.26487892439314,1661014
2020-06-24,26.72446632385254,27.508941523350053,26.60243732865881,27.177719252458346,1959107
2020-06-25,27.2038631439209,27.51765383994832,26.07944925402282,26.558850228491284,2200109
2020-06-26,27.42177391052246,28.223683863696316,27.35204282709693,27.604819043589583,1940757
2020-06-29,28.197534561157227,28.32828180720672,27.177718012117268,27.30846359564647,1864346
2020-06-30,27.93604278564453,28.40672887112235,27.657118436851867,28.30213307158523,1637682
2020-07-01,28.249834060668945,28.73795334310335,27.97090970643231,27.988342894202173,2170930
2020-07-02,28.7117977142334,29.234783295983284,28.441591655784052,28.502606141565522,1597353
2020-07-03,28.798965454101562,29.461409909323226,28.65078503284284,29.147619205519167,1168519
2020-07-06,29.121471405029297,29.75776775019574,28.781532580560683,29.452695298759892,1284268
2020-07-07,28.720518112182617,28.859980279379727,28.371861031669674,28.720518112182617,1438170
2020-07-08,27.848878860473633,28.47645695314682,27.805295893954536,28.37186115854135,1834060
2020-07-09,27.456640243530273,28.180102518982334,27.203864027405555,27.970907606490073,1890486
2020-07-10,27.944759368896484,28.06678834855764,27.14284942034553,27.31717795916446,1452184
2020-07-13,28.41543960571289,28.859977506913886,28.162666737916275,28.41543960571289,1635384
2020-07-14,28.319564819335938,28.520041477024023,27.604819133739863,28.04063715968257,1288922
2020-07-15,28.737951278686523,29.095323289695106,28.432875502190196,28.63335215958132,1360722
2020-07-16,28.694364547729492,28.82511177451231,28.302129517461243,28.65950150228883,831392
2020-07-17,28.38929557800293,28.76410079374282,28.09293804288396,28.729234419013412,1367874
2020-07-20,28.842548370361328,29.07789141137547,28.092937941584548,28.293414607995,1365628
2020-07-21,29.461408615112305,29.766484374871375,28.938426348439844,28.98200764982252,2764014
2020-07-22,29.635740280151367,29.722902892135608,29.1127579581649,29.28708318213338,1839917
2020-07-23,29.7664852142334,30.019258099396744,29.470127701418203,29.679319283969956,1367643
2020-07-24,29.043025970458984,29.4614125040322,28.964578287598968,29.426546128307614,1267176
2020-07-27,28.947145462036133,29.095325898199928,28.65078791474918,28.973296906677177,1063550
2020-07-28,28.650787353515625,29.435264176567276,28.485177057556086,29.069173884129647,1136377
2020-07-29,28.98200798034668,29.05174072338636,28.528755125709367,28.598487868749046,1399138
2020-07-30,28.110370635986328,29.016876409544118,27.430491305817984,28.78153337265659,2029088
2020-07-31,27.16899871826172,28.275979433820414,26.985953589494923,27.892459315250218,2382922
2020-08-03,28.467741012573242,28.69436578035313,27.02953641886176,27.107984093293307,2223207
2020-08-04,28.659503936767578,28.886128714062966,28.275980478981005,28.720518427771736,1166434
2020-08-05,29.03430938720703,29.35681503170971,28.75538504736032,28.903562148198706,1240122
2020-08-06,29.069169998168945,29.313231268848163,28.76409756612009,28.99072232635065,1064369
2020-08-07,29.06045913696289,29.18248812686865,28.676938979396134,28.93843014705713,644564
2020-08-10,29.37424659729004,29.653170921741722,29.034307784679562,29.19991806324768,1262613
2020-08-11,29.818782806396484,30.13257351956595,29.374248179433348,29.374248179433348,1501169
2020-08-12,30.17615509033203,30.211021464334046,29.74033539042817,29.810068138432197,1242551
2020-08-13,30.062843322753906,30.289468095848992,29.923381156609164,30.158720860383156,682849
2020-08-14,29.478843688964844,29.879797007433137,29.10403848799307,29.879797007433137,972907
2020-08-17,29.574724197387695,29.635738687505803,29.217352187392915,29.391680727033368,581710
2020-08-18,29.635740280151367,29.92338288477228,29.104039701942167,29.33938274434823,746670
2020-08-19,30.01926040649414,30.054126781279138,29.348097654565304,29.539859390842263,844001
2020-08-20,29.443979263305664,29.635741004405986,29.278368966472126,29.5921596973488,1225145
2020-08-21,29.07788848876953,29.679318427551433,28.816397355605233,29.504989897095182,1192110
2020-08-24,29.77519989013672,29.87979568051821,29.374246589474133,29.41782789171307,1509968
2020-08-25,29.513710021972656,30.150006372160824,29.48756190451189,29.810067545009375,1057957
2020-08-26,29.98439598083496,30.06284365798116,29.191204278596892,29.3742477502579,924646
2020-08-27,29.77519989013672,30.106423772225046,29.71418540199416,30.071557400417806,999095
2020-08-28,29.77519989013672,29.94952842413269,29.409112961281373,29.836214378279276,851918
2020-08-31,29.61830711364746,30.33305117255225,29.61830711364746,29.923382905888612,1074265
2020-09-01,29.304515838623047,29.932097273669207,29.025591495278185,29.766486983883336,1048673
2020-09-02,29.932098388671875,30.42021767022857,29.574726352633753,29.6706072226753,1347760
2020-09-03,29.313232421875,30.603258267487426,29.269651119159498,30.158720334684606,1872066
2020-09-04,29.844934463500977,30.280754162690275,29.10403897985491,29.199919845683024,1811772
2020-09-07,30.716575622558594,30.716575622558597,29.993113284415976,30.150008651120626,1563321
2020-09-08,30.533523559570312,30.768866569147985,30.2023030202003,30.699137154295368,1357926
2020-09-09,31.100095748901367,31.100095748901367,30.489947470719795,30.50738065867248,1566784
2020-09-10,31.082660675048828,31.335436897464994,30.969346622751853,31.117527048838728,1210964
2020-09-11,30.969348907470703,31.073948036557056,30.751439042768453,31.039081660194938,1155022
2020-09-14,31.413883209228516,31.58821174555299,31.161106997810045,31.161106997810045,1578562
2020-09-15,31.727676391601562,31.83227219156247,31.26570523544652,31.50104827913897,1575896
2020-09-16,31.83226776123047,31.83226776123047,31.3964481095023,31.684087350622057,1465067
2020-09-17,31.814836502075195,31.893284177136717,31.24826959051528,31.396450010093833,1423165
2020-09-18,31.614356994628906,31.771252330585572,31.32671443702836,31.684086407809666,2881815
2020-09-21,30.420217514038086,31.344153184151477,30.150008093039336,31.344153184151477,2646229
2020-09-22,30.856033325195312,31.3528674726738,30.455076710091856,30.498661336218852,2098374
2020-09-23,31.039079666137695,31.78869008456239,31.039079666137695,31.318004009034265,1842486
2020-09-24,30.577112197875977,30.94319915524251,30.315617713996467,30.550960754463734,1784395
2020-09-25,30.455080032348633,30.69914133013123,29.984397274208945,30.559679156415676,1575263
2020-09-28,31.379016876220703,31.422598179096287,30.690420985649528,30.847316336033852,2311529
2020-09-29,31.30057144165039,31.535914484073686,31.161109267441084,31.326719560239475,1481091
2020-09-30,31.387731552124023,31.64050776180797,30.925763760318375,31.021644620890925,1844731
2020-10-01,31.53590965270996,31.771252659078247,31.27441853175854,31.57077602218082,1969098
2020-10-02,31.562063217163086,31.62307771175255,31.19597624962629,31.283138863313933,1087270
2020-10-05,31.989168167114258,32.224511215317186,31.762540050308214,31.77997323814257,1550992
2020-10-06,32.006595611572266,32.285519916789625,31.71895305148186,32.111191394768774,1354764
2020-10-07,32.4598503112793,32.62546058798045,31.971731086471422,32.024030643606615,1540889
2020-10-08,32.31167221069336,32.65161104383153,32.21579134492815,32.337820328614626,1202905
2020-10-09,32.006595611572266,32.52957785259482,31.77996753543316,32.48599655334961,1493711
2020-10-12,32.33782196044922,32.46856920673419,31.88457237675335,31.954301803075563,1583764
2020-10-13,32.23322677612305,32.60803200927895,32.06761647602372,32.33782258013101,1977986
2020-10-14,32.52958297729492,33.04385036950195,32.22451050947741,32.30295819049341,1777132
2020-10-15,31.806119918823242,32.10247741754077,31.466177794527184,32.032744676647184,1934885
2020-10-16,32.01531219482422,32.146059424352245,31.771254246414745,31.832268733517115,2064984
2020-10-19,29.461408615112305,32.30295468580913,29.461408615112305,32.01531211161116,655360
2020-10-20,31.893287658691406,32.04146476940509,31.300572565755413,31.474901121037878,1767468
2020-10-21,30.690420150756836,31.901998292956183,30.594539292014694,31.884568432312324,1720601
2020-10-22,30.93448257446289,31.126240974030523,30.411496959634057,30.5160927525837,1408192
2020-10-23,30.82988166809082,31.134957423637527,30.62069009432633,30.838599923271072,1264166
2020-10-26,29.722902297973633,30.56839358248951,29.705472435957617,30.324335613779954,1785991
2020-10-27,28.894847869873047,29.679321346519078,28.894847869873047,29.67060641540722,2289568
2020-10-28,27.613534927368164,28.37186023232241,27.23872974014061,28.258546185592152,2926094
2020-10-29,27.892459869384766,28.336994485535342,27.221297154772856,27.482789963560435,1969205
2020-10-30,29.199918746948242,29.29579960916855,28.214965332830943,28.232398519147388,3296449
2020-11-02,30.46379280090332,30.62068813370082,29.243496506931606,29.65316802312952,2274557
2020-11-03,31.29185676574707,31.54462967259821,30.725289808064417,30.86475198341146,2042303
2020-11-04,31.588214874267578,31.762540102818154,30.4027846998963,30.681709055625944,2492973
2020-11-05,32.37268829345703,32.581883222229095,31.797406395634585,31.902002197500323,2063870
2020-11-06,32.54701614379883,32.73005962437152,31.80612396526716,32.25065860737806,1666303
2020-11-09,33.959068298339844,35.03990255600523,33.035132714811944,33.12229531984808,3669919
2020-11-10,33.90677261352539,34.19441187482727,32.869519641608186,33.81960668203975,3803368
2020-11-11,34.25542449951172,34.64766285724325,33.70629079868757,33.81088991077606,1921400
2020-11-12,34.08981704711914,34.24671240319448,33.80217445263421,33.97650299550019,1360503
2020-11-13,34.36001968383789,34.577929509306294,33.71500846247387,33.96778465802682,1291508
2020-11-16,34.464622497558594,35.07477073944286,34.21184627484305,34.64766597261175,1850885
2020-11-17,34.569217681884766,34.569217681884766,34.17697929583033,34.438470444853166,1601051
2020-11-18,34.682533264160156,34.83942862551165,34.316442979326496,34.534352833976854,1147325
2020-11-19,34.35130310058594,34.708675064153,33.97649795281561,34.36873628478919,1356396
2020-11-20,34.464622497558594,34.760980025042926,34.16826497007426,34.229279461758644,1122159
2020-11-23,34.569217681884766,34.89172332151159,34.560502751101495,34.647665359095654,944912
2020-11-24,35.379844665527344,35.379844665527344,34.51692016513082,34.865577267825294,2032927
2020-11-25,34.865577697753906,35.562888586700865,34.691249144257014,35.562888586700865,1352420
2020-11-26,34.60408401489258,34.961456027317986,34.59536575907908,34.865575163611595,727605
2020-11-27,35.1270637512207,35.20551142262083,34.307723991628315,34.53434875065086,1305867
2020-11-30,34.70867919921875,35.257812929403556,34.65637964037819,34.865574550700124,2354419
2020-12-01,34.935306549072266,35.092198572159745,34.6389490387244,34.97016959584713,1431266
2020-12-02,34.211849212646484,34.76969794168695,34.00265427673596,34.73483156486174,1477098
2020-12-03,34.63023376464844,34.63023376464844,34.13339956115048,34.16826593596731,1492637
2020-12-04,34.83942413330078,34.935304988990495,34.45590071054191,34.569214751360676,1171401
2020-12-07,34.44718551635742,34.90043835111687,34.27285699144378,34.82199068115773,903750
2020-12-08,34.19441223144531,34.821993644525875,34.12468281056988,34.44718844782946,1565140
2020-12-09,34.24671173095703,34.508202877602926,34.17697898516328,34.464621574002,987495
2020-12-10,34.05494689941406,34.386170761647655,33.906769815675894,34.34258946202113,1341564
2020-12-11,33.81089782714844,33.95907494974065,33.38379299871983,33.90677870649206,1320730
2020-12-14,33.592979431152344,34.30772339138622,33.592979431152344,34.02008082627158,1058541
2020-12-15,33.82832336425781,34.33387244319883,33.40121863244475,33.52324760580844,1360316
2020-12-16,33.993934631347656,34.49076879457183,33.837039282430524,34.08981549180149,1228014
2020-12-17,34.08109664916992,34.516916316422936,33.985219115408015,34.10724809023243,1254849
2020-12-18,32.61674499511719,33.8893410556343,31.57078036735255,33.86318961241186,6104664
2020-12-21,32.791072845458984,32.791072845458984,31.86713722220736,32.06761388244197,1539606
2020-12-22,32.79978942871094,33.07871375264298,32.581879592824016,32.9043852189254,746435
2020-12-23,32.85208511352539,33.253041731902385,32.68647483802718,32.878236554423125,847916
2020-12-24,32.57316589355469,33.008985626289046,32.57316589355469,32.947971129709494,210106
2020-12-28,33.427371978759766,33.49710473161637,32.82594194805458,32.93925600892622,786169
2020-12-29,33.23561096191406,33.558116606078045,33.16587821450541,33.51453530146784,819132
2020-12-30,33.14844512939453,33.41865453887178,33.122297011556235,33.200744690111534,432418
2020-12-31,32.68647384643555,33.07871219760079,32.68647384643555,32.94796497219902,346177
2021-01-04,33.444801330566406,34.020083175480906,33.113580767613406,33.12229569820047,1119609
2021-01-05,33.357643127441406,33.8021777969425,32.9392565781931,33.13973325855954,1329396
2021-01-06,34.865577697753906,35.12706886547894,33.72372883113785,33.76731346329252,1988909
2021-01-07,37.02724075317383,38.343418089296954,36.87034539754272,38.343418089296954,2913947
2021-01-08,37.89016342163086,38.081921816657704,37.33231477238872,37.47177693469926,1826864
2021-01-11,37.41947937011719,38.12550847475652,36.89649706485573,37.83786587933444,1492063
2021-01-12,37.48049545288086,37.71583849775265,37.23643747673554,37.532795015643664,1138351
2021-01-13,37.91631317138672,38.14293794801402,37.61995564808001,37.794284189738136,1186865
2021-01-14,37.933746337890625,38.04706038866423,37.2190023100086,37.61995562808088,1415667
2021-01-15,37.585086822509766,38.029624740986236,37.31488075935756,37.71583405148288,1431408
2021-01-18,37.175418853759766,37.48049129005812,36.98365713663498,37.48049129005812,786858
2021-01-19,37.22771453857422,37.53279029542935,37.114403821065864,37.41947625288087,943403
2021-01-20,37.698402404785156,38.00347485145516,37.48049256429507,37.663536032297074,1144747
2021-01-21,37.75941848754883,38.24753774785953,37.454346028004906,37.916313845325824,897546
2021-01-22,37.1318359375,37.68096967317174,36.7308826241703,37.602521996647205,961102
2021-01-25,36.6349983215332,38.073204481103126,36.53040253766776,37.585085281331025,1916465
2021-01-26,36.556556701660156,36.9400801810313,36.38223147471753,36.512975394924496,883792
2021-01-27,35.580322265625,36.783185643810484,35.039906734862505,36.56527578019199,1828218
2021-01-28,36.268917083740234,36.39094607149445,34.307728373300414,35.275248669123876,1873091
2021-01-29,35.80694580078125,36.17303272876389,35.33625975762624,35.89410840505134,1409613
2021-02-01,36.29506301879883,36.530406048896786,35.82437695860291,36.338644322511705,798769
2021-02-02,36.65243911743164,37.02724435623987,36.40838112938562,36.486828814834794,1126523
2021-02-03,37.1318359375,37.38461215352798,36.547839153959835,36.98365884019828,1012301
2021-02-04,37.61995315551758,38.20395323262251,37.41075825438025,37.50663911219152,1509561
2021-02-05,37.044673919677734,37.8727320017139,36.966226241905034,37.57637447735486,1405595
2021-02-08,37.52407455444336,38.09935641086888,37.1231212386099,37.21028384638574,1062247
2021-02-09,36.94007873535156,37.48049423281336,36.713450629130506,37.48049423281336,1095507
2021-02-10,36.5304069519043,37.105688820239784,36.26891579812279,36.957511718945085,1164554
2021-02-11,36.948795318603516,37.08825749596041,36.5042606673536,36.53040878653283,827420
2021-02-12,36.77446365356445,36.89649595783512,36.408376715873366,36.71344916394927,826685
2021-02-15,37.314884185791016,37.384613609283456,36.80933173404886,36.992375211387035,925269
2021-02-16,37.11440658569336,37.51535990452844,37.035958908091686,37.39333092271258,937036
2021-02-17,36.861629486083984,37.192850050235826,36.704734134626676,37.06210614071493,950574
2021-02-18,36.70473098754883,37.00980340864752,36.530402464760996,36.77446040163995,909785
2021-02-19,37.698402404785156,37.855297755941244,36.530405526756674,36.75703029784864,1508574
2021-02-22,37.53279113769531,37.74198271705142,37.16670088626182,37.59380562542753,1015165
2021-02-23,37.358463287353516,37.67225398716035,36.573986537836426,37.51535863725694,1304148
2021-02-24,37.837867736816406,38.01219628880825,37.21028627966201,37.28001903047497,1092460
2021-02-25,37.55894470214844,38.10807849643582,37.3323199041318,38.09064530812059,1110417
2021-02-26,38.718223571777344,39.04073256896029,37.98604961071084,38.00347947403469,3013901
2021-03-01,38.63105773925781,39.476549016833545,38.62234280832134,39.22377279415043,1692616
2021-03-02,38.79666519165039,39.084307767135876,38.27368292263701,38.5351740571437,1159215
2021-03-03,40.330753326416016,40.61839258434225,38.88383213113791,39.03200922536409,1882859
2021-03-04,40.313316345214844,40.47892660994297,39.99952567517003,40.20872056354656,1285235
2021-03-05,40.383056640625,40.879890852830805,39.598579818699754,40.121562149956205,1480848
2021-03-08,42.257076263427734,42.48370436167623,40.5835302688557,40.78400692497379,2173228
2021-03-09,41.53361511230469,42.53599833972828,41.15880993703843,42.065312306830165,2263057
2021-03-10,42.74519348144531,42.74519348144531,41.184958284917116,41.455167673853786,2042786
2021-03-11,42.37910461425781,43.24202904086698,41.90842188842036,42.98053789872611,1866961
2021-03-12,42.95438766479492,42.95438766479492,42.33552450181732,42.33552450181732,1522464
2021-03-15,42.161190032958984,43.39891950993999,41.93456528860354,43.058980730886866,1407479
2021-03-16,41.91714096069336,42.71033272108328,41.73409747561275,42.30937937518082,1165588
2021-03-17,42.14376449584961,42.431407099574024,41.69051492489559,42.02173550943579,1271588
2021-03-18,42.945674896240234,43.11128519008163,42.283227070793565,42.283227070793565,1051958
2021-03-19,42.34424591064453,43.015405358471725,42.23093185157838,42.501137951990714,2224226
2021-03-22,42.44883346557617,42.84107180533274,41.86483342081862,42.12632786401631,899084
2021-03-23,42.466270446777344,42.727761588313406,42.091465258060886,42.35295639959695,901875
2021-03-24,42.98053741455078,42.98053741455078,41.952002718681555,42.17862748597331,911220
2021-03-25,43.050270080566406,43.1635841352796,42.48370645708144,42.771345734380475,941186
2021-03-26,44.22697830200195,44.22697830200195,43.16357732187642,43.2768913587029,1963179
2021-03-29,43.948055267333984,44.36644508933156,43.51223558404012,44.19211655100595,1348883
2021-03-30,44.74996566772461,44.74996566772461,43.9829220863324,44.157250626427036,1336349
2021-03-31,43.86089324951172,44.81969523561375,43.86089324951172,44.802265374083476,1510215
2021-04-01,44.09623336791992,44.3315763835175,43.712713263820234,44.00035251063497,1012921
2021-04-06,44.48847961425781,45.272953146949355,44.410031928484585,44.74997079182166,1394988
2021-04-07,44.540767669677734,44.933006026463886,44.43617188288147,44.64536678151411,925518
2021-04-08,44.64536666870117,44.95915735333718,44.33157598406516,44.74996245523314,1039124
2021-04-09,45.203216552734375,45.3252455279185,44.56692023567419,44.7673968841967,980532
2021-04-12,45.194496154785156,45.48213871840292,45.05503400046626,45.15091485500551,931420
2021-04-13,45.94411087036133,46.19688708828806,45.325247709263756,45.38626219979223,1545753
2021-04-14,45.839515686035156,45.98769278642222,45.49957685569739,45.90053017737576,681208
2021-04-15,45.726200103759766,46.52811004531651,45.525723449630654,46.083572108953454,1026161
2021-04-16,46.388648986816406,46.571692459077084,45.73491945013654,45.795933940890095,1070424
2021-04-19,46.26661682128906,46.57168925406209,46.17945089403953,46.40607897984818,790928
2021-04-20,45.639041900634766,46.54554772200917,45.42113203924903,46.24919017752295,1181886
2021-04-21,45.48214340209961,45.70876817931536,45.09862326948819,45.57802426651256,850580
2021-04-22,46.08357238769531,46.109723829724444,45.45599430468132,45.54315691133761,808647
2021-04-23,46.17074203491211,46.17945696626294,45.69133768460224,46.02256160162345,714356
2021-04-26,45.97026062011719,46.22303350369637,45.612888620877406,46.12715264352761,881760
2021-04-27,45.91796112060547,46.10100458568363,45.673903167167914,45.89181300417723,975474
2021-04-28,45.9615478515625,46.17945771430936,45.80465248438151,45.9615478515625,1033101
2021-04-29,45.194496154785156,46.09228689043814,45.011452700686604,45.89181025141971,1650010
2021-04-30,45.76106643676758,46.45837726031979,45.4211276181009,45.58673789961946,2318617
2021-05-03,45.99641418457031,46.20560579058879,45.3949841609664,45.76107113401905,1026484
2021-05-04,46.26661682128906,46.81574720028051,45.944107878025996,46.05742192093032,1772620
2021-05-05,48.550315856933594,48.602612093566854,46.42351356610161,46.63270848775609,2381386
2021-05-06,48.9774169921875,49.143030607238636,47.295152673769955,48.219091640504296,1902994
2021-05-07,49.14303207397461,49.57885178968021,48.689779170635916,49.38709005075676,1014083
2021-05-10,48.82923889160156,49.54398292341928,48.57646267119178,49.282491772151396,1101670
2021-05-11,47.8355712890625,48.532882145308804,47.417184775314716,48.30625403887848,1997990
2021-05-12,47.922733306884766,48.009899240988474,47.29515188149969,47.513061729198355,1149509
2021-05-13,47.71354293823242,47.92273453536305,46.75473758875552,47.338737724579524,1030989
2021-05-14,48.47186279296875,48.55902539436965,47.452043066369654,47.966310394731224,1212041
2021-05-17,47.678672790527344,48.63747473908659,47.4869110707994,48.2016550670069,1032015
2021-05-18,47.556644439697266,48.070911792515275,47.556644439697266,47.94016455915602,1051760
2021-05-19,46.63270950317383,47.382319944950964,46.0399944247938,47.14697689985531,1274142
2021-05-20,47.47819519042969,47.4956283759689,46.65013716503803,46.86804699671793,989592
2021-05-21,48.0098991394043,48.41956739118349,47.46076539335427,48.41956739118349,1139232
2021-05-24,48.062198638916016,48.158079510218876,47.85300703338306,48.11449820281956,497176
2021-05-25,47.96631622314453,48.210377521795266,47.800705930343376,48.027330716547084,741930
2021-05-26,47.88786697387695,48.15807638226711,47.513061769513996,48.08834363492498,1072211
2021-05-27,47.59150695800781,48.17550704880485,47.59150695800781,47.826849980414956,3057204
2021-05-28,48.062198638916016,48.245242125017505,47.82685558891097,47.85300703338306,878565
2021-05-31,47.783267974853516,48.29753531438751,47.70482030187239,48.01861099379689,608298
2021-06-01,48.64619445800781,49.12559544670959,47.94016537098425,47.94016537098425,795839
2021-06-02,48.271392822265625,48.602613413405734,48.036049775903614,48.59389848207702,772403
2021-06-03,50.2935905456543,50.37203821919764,49.727023645059006,49.944933479897166,1544945
2021-06-04,50.78170394897461,51.03448014295878,50.18027403142887,50.27615488604632,1410526
2021-06-07,51.26339340209961,51.7807531698641,50.986871355524755,51.06715173016132,1412558
2021-06-08,51.46855163574219,52.27135194869737,51.2455509816902,51.28123190299131,1357076
2021-06-09,50.8084716796875,51.62019397987907,50.60331147224569,51.62019397987907,1370992
2021-06-10,50.52302932739258,51.04931102466625,50.41598996262913,50.92443119865556,1001490
2021-06-11,50.63006591796875,51.19202850694515,50.59438840014919,50.62114738919383,1087995
2021-06-14,50.61223220825195,51.084992527151336,50.33571015986019,50.844151401659175,1322407
2021-06-15,50.51411056518555,50.86199105110255,50.27326944353839,50.558710016737976,1165021
2021-06-16,50.317867279052734,50.97795071007718,50.148388007508586,50.647907293204995,1219330
2021-06-17,50.29111099243164,50.84415168962736,50.13055024119416,50.157309232160365,1074499
2021-06-18,49.49722671508789,50.44274731137784,49.185023757502385,50.21974665712531,2200461
2021-06-21,50.228668212890625,50.32678564174264,48.80146199472416,49.069062097280394,1271199
2021-06-22,50.63899230957031,50.674673233252385,50.068111141537756,50.353551725554034,1208434
2021-06-23,49.88970947265625,50.66575084073104,49.800510566981494,50.60331092621469,1243294
2021-06-24,50.12162780761719,50.50518922032272,49.961067057986035,50.300029018620705,804828
2021-06-25,50.00566864013672,50.353549121244,49.90754780644595,50.1037860711075,689695
2021-06-28,49.31882858276367,50.041348569800306,49.256388667901746,50.041348569800306,957306
2021-06-29,50.43383026123047,50.55871008683844,49.613186060103786,49.711306895287194,1135914
2021-06-30,49.54182815551758,50.48734878978963,49.46154778065296,50.48734878978963,1239499
2021-07-01,50.4427490234375,50.656831155982786,49.78266896996964,49.95214824797462,1276875
2021-07-02,50.317867279052734,50.746028125101056,50.24650883940464,50.5765488535569,785023
2021-07-05,50.531951904296875,50.70143118422867,49.818347056179626,50.27327031699038,678717
2021-07-06,50.166229248046875,50.89767113009132,50.077026943700005,50.39814843390878,968565
2021-07-07,51.209869384765625,51.209869384765625,50.45166853207997,50.46058706092761,972343
2021-07-08,50.39815139770508,50.897674123263364,50.05918942669337,50.897674123263364,1586788
2021-07-09,51.51315689086914,51.62019626411445,50.3535540396707,50.49627433823788,900041
2021-07-12,51.914554595947266,51.976994508851284,50.98687102891611,51.42395382196427,865885
2021-07-13,52.35163116455078,52.35163116455078,51.80751243896064,52.01267262783296,950346
2021-07-14,51.976993560791016,52.28027459053013,51.861032266347245,52.0751143943419,624265
2021-07-15,52.0215950012207,52.09295684752148,51.51315375584812,51.87887471133928,825484
2021-07-16,51.21879196166992,52.2891958521403,50.84415247150138,52.12863509843373,824770
2021-07-19,49.45262145996094,50.89766807928431,48.7925414609592,50.81738771154412,1594366
2021-07-20,50.05026626586914,50.469508575361026,49.70238579744816,49.81834368510857,1303192
2021-07-21,51.04038619995117,51.29014582116657,50.15730219209444,50.264341543655384,941021
2021-07-22,51.664791107177734,52.14647334786129,51.495311831109085,51.62019165586704,664135
2021-07-23,52.65491485595703,52.75303569098907,51.78967460727095,51.91455443268626,936019
2021-07-26,52.806556701660156,52.94035505535192,52.048352419860095,52.369473913072355,714139
2021-07-27,51.9056282043457,52.744112795964426,51.852110228009025,52.708431876593465,1047994
2021-07-28,52.396236419677734,52.42299540993015,51.611273145980086,52.15539529924596,885722
2021-07-29,52.11971664428711,53.216879527722554,52.00375534361567,52.253518406809555,1289419
2021-07-30,53.74315643310547,53.82343680289027,51.174188002711645,53.163353384357464,1709331
2021-08-02,53.716400146484375,54.224841379793844,52.81547557327285,54.05535870021066,1175548
2021-08-03,54.90276336669922,55.07224605084102,53.76991957348249,54.126722000677724,1219546
2021-08-04,56.84732437133789,57.08816547777363,55.036560211460106,55.1257591089312,1702603
2021-08-05,56.95436477661133,57.24872726857687,56.49052641796484,56.8473254171329,1060211
2021-08-06,57.03464889526367,57.14168826177682,56.42808681382234,56.65108747897812,956715
2021-08-09,57.09709167480469,57.24873049237825,56.52620711909223,56.909768531769,671998
2021-08-10,57.32009506225586,57.36469111372292,56.96329262331695,57.02573253972323,700160
2021-08-11,57.49848937988281,57.49848937988281,56.222925331974146,57.08816898197765,1398907
2021-08-12,57.605533599853516,57.890974179746394,57.05248949893096,57.45389478047547,1175818
2021-08-13,57.62337112426758,57.91773363869039,57.44497331243331,57.56985314180536,536410
2021-08-16,57.418212890625,57.507411794319744,57.0524885384044,57.150609374100654,657569
2021-08-17,57.03464889526367,57.5163345513731,56.829488691646766,57.186291116984066,946927
2021-08-18,56.963287353515625,57.14168515376086,56.63324733979803,56.92760643237861,765572
2021-08-19,55.375526428222656,56.63325003503964,54.68868397588712,56.63325003503964,1736303
2021-08-20,55.33092498779297,55.58068805130359,54.465684704603134,55.375527843837126,1331109
2021-08-23,55.99992370605469,56.347804185353496,55.55392239357519,55.982083245229106,884654
2021-08-24,55.42904281616211,56.42808480778206,55.259563541648006,56.22292461145867,759459
2021-08-25,55.63420486450195,55.892886452150556,55.313083362968534,55.52716549823085,548862
2021-08-26,55.892887115478516,56.03560740644047,55.250644104789636,55.37552733676147,693011
2021-08-27,55.883968353271484,56.01776671146108,55.58960584035815,55.830446968363574,721284
2021-08-30,55.30416488647461,55.84828705317998,55.179285058585535,55.77692520711759,897154
2021-08-31,54.76004409790039,55.93748736580141,54.58164288097474,55.357687664193286,1582845
2021-09-01,54.62624740600586,55.21496905794104,54.24268596885049,55.16144767041228,1118327
2021-09-02,54.92060470581055,55.063324998424896,54.45676290413388,54.45676290413388,993191
2021-09-03,54.41216278076172,55.19712608183598,54.25160202820743,54.96520348249307,780539
2021-09-06,54.59056091308594,54.813561567630636,54.30512034748632,54.52812100203102,660786
2021-09-07,54.46568298339844,54.858162924054724,54.26052278241537,54.41216159946892,737909
2021-09-08,53.94831848144531,54.287280432522266,53.72531782465889,54.23375904991433,1086256
2021-09-09,54.70652389526367,54.96520207645499,53.47555929140957,53.627198107876204,1151582
2021-09-10,54.56379699707031,54.98303930477795,54.4656795700952,54.84924095741924,766798
2021-09-13,54.751121520996094,55.49148192283677,54.751121520996094,54.88491987175962,804918
2021-09-14,54.64407730102539,54.96519877865286,54.33187775484304,54.733279601877385,620601
2021-09-15,54.46568298339844,54.90276237596929,54.33188122493466,54.52812289662284,947673
2021-09-16,54.79572296142578,55.27740520819698,54.528122847459585,54.67084313508956,880927
2021-09-17,53.529075622558594,55.259562879658226,53.297156439016554,55.14360158652723,2354061
2021-09-20,52.405155181884766,52.86899696373594,51.80751504545655,52.699517686850335,1652676
2021-09-21,54.144561767578125,54.24268260393383,52.67275602768274,52.699518421147076,1971559
2021-09-22,54.43891906738281,54.75112202749241,54.2426808039036,54.41216007752655,807788
2021-09-23,54.233760833740234,54.96520273984028,54.224842304372224,54.85816337382371,831289
2021-09-24,54.32296371459961,54.51920198724865,53.5023194925541,53.966161287150236,1099052
2021-09-27,54.02859878540039,54.858161499810244,53.86803804050042,54.768962598296916,1005949
2021-09-28,52.94035339355469,54.18023987625311,52.70843421280356,54.010757203088914,1460274
2021-09-29,53.21687698364258,53.98399979296189,53.21687698364258,53.350678739768504,1036418
2021-09-30,51.950233459472656,53.85911849881615,51.63803050460587,53.752075735748726,1912473
2021-10-01,50.40707015991211,51.209873936349645,50.03243066605472,51.10283456706471,1984886
2021-10-04,50.0859489440918,50.80846889533111,49.54182679635059,50.21974729671538,1373995
2021-10-05,50.87982940673828,50.87982940673828,49.81834412902907,50.032426251429555,1039563
2021-10-06,50.37138748168945,50.621147118691056,48.988780741293816,50.30894757243905,1983652
2021-10-07,52.50327682495117,52.98495907537019,51.548834256187604,51.71831353568166,2359688
2021-10-08,53.422035217285156,53.83235559699891,52.182152146612786,52.6370719758224,1457483
2021-10-11,53.538002014160156,53.7342436953879,52.7084392378868,53.07416020571654,1294840
2021-10-12,53.199039459228516,53.45772105390052,52.67275774025315,52.86007748699348,874081
2021-10-13,53.64503860473633,53.957241572577374,52.80655734218277,53.02063607177429,839108
2021-10-14,54.77788162231445,54.884920985641614,53.74315870289857,54.12672010776756,972521
2021-10-15,54.947357177734375,55.09899938467463,54.63515763803352,55.03655947673446,832546
2021-10-18,54.2248420715332,54.94736204244267,53.78775927453555,54.94736204244267,851076
2021-10-19,54.34972381591797,54.492444109269066,53.787761172157936,54.36756427792688,822093
2021-10-20,54.697601318359375,54.76896316248113,53.74315877091101,53.91263804662015,739242
2021-10-21,53.618282318115234,54.421082698647666,53.493402485769316,54.412164168931625,848793
2021-10-22,53.832359313964844,54.5459641660505,53.34175853019604,53.69856095623887,862075
2021-10-25,53.41312026977539,54.06428180369046,53.13659822000867,54.02860088061344,1198458
2021-10-26,53.618282318115234,54.01968420974156,53.35960072098713,53.439881099312394,688813
2021-10-27,53.832359313964844,53.903721160261455,53.314999539194865,53.520159743217455,1032658
2021-10-28,54.31404113769531,54.71544301313108,53.64503914620906,53.725319521296214,630098
2021-10-29,53.12767791748047,53.930478243599495,51.611272764517864,53.876960263490226,1950783
2021-11-01,54.37648010253906,54.599480762476695,53.51123985583068,53.52015838503137,1120075
2021-11-02,54.58163833618164,54.644078246498474,53.81451895190062,54.12671850348476,847753
2021-11-03,54.7421989440918,55.05440189763344,54.38539994354121,54.54596068474094,776323
2021-11-04,54.296199798583984,54.80464103167716,53.61827928869977,54.65300221603044,1015661
2021-11-05,54.47460174560547,54.795723245115454,54.180242639534704,54.2605230144122,842722
2021-11-08,54.947357177734375,55.170357821154916,54.46567837401303,54.474596902553145,696297
2021-11-09,54.09103775024414,54.93844091066849,53.96615792922327,54.804639158020464,767250
2021-11-10,53.359596252441406,54.679759716674276,52.503274557163856,54.679759716674276,1354628
2021-11-11,54.108882904052734,54.17132281997906,53.34176004813483,53.43988088822482,631228
2021-11-12,54.233760833740234,54.43892103640536,53.76991904404166,53.966160717338774,596286
2021-11-15,53.68071746826172,54.10887831374226,53.163354319939444,54.09995978481805,772206
2021-11-16,53.60043716430664,53.83235634654624,53.163354386633635,53.787756896429386,734631
2021-11-17,54.510284423828125,54.760044085836896,53.33284115618649,53.43096199560999,1169014
2021-11-18,54.947357177734375,55.09899938467463,54.44783791421301,54.44783791421301,992313
2021-11-19,54.340797424316406,55.107920214148095,54.10887824267237,55.03656177468836,1381864
2021-11-22,53.992919921875,54.59948200290323,53.957242401541656,54.554882550446465,897535
2021-11-23,53.73423767089844,54.22483841624317,52.592472038617025,53.698556750544675,978803
2021-11-24,53.5112419128418,54.394322654617866,53.22579792664653,53.761001572702476,712591
2021-11-25,53.8858757019043,53.992915058703446,53.55583570018703,53.55583570018703,610688
2021-11-26,50.92443084716797,52.735195117264986,50.69251165799457,52.13755498184736,2213147
2021-11-29,51.058231353759766,51.99483342215692,50.808468306859226,51.73615184627277,1190500
2021-11-30,50.112709045410156,51.05823307743075,49.79158754764014,50.29111025558462,2984736
2021-12-01,52.05727005004883,52.39623197628762,50.7014257478134,51.08498712159736,1520750
2021-12-02,51.78075408935547,51.78075408935547,50.88875142320733,50.88875142320733,1202440
2021-12-03,51.59342956542969,52.45867316028967,51.415028368186825,52.173232605789025,1154850
2021-12-06,52.485435485839844,52.89575588368188,51.638032297099976,52.09295554912834,1237158
2021-12-07,54.180240631103516,54.376478893636225,52.94035413113073,53.09199634593141,1469578
2021-12-08,54.296199798583984,54.77788204132069,54.12672052179294,54.242681817871045,1248291
2021-12-09,54.59947967529297,54.67084151835767,54.26943965791864,54.43000040209425,787972
2021-12-10,53.35068130493164,54.39432280310137,53.35068130493164,54.233762049118305,947316
2021-12-13,52.25351333618164,53.68963464726588,52.25351333618164,53.56475482914724,1017503
2021-12-14,51.762908935546875,52.9046745585684,51.75399040689069,52.5657126233964,641268
2021-12-15,52.44975280761719,52.64599447076299,51.780750849860034,51.95023352356593,814626
2021-12-16,52.886837005615234,53.60043843252898,52.72627625921964,52.922517927640925,865773
2021-12-17,52.235679626464844,52.99388056457862,51.923476638102485,52.654918583938446,1596122
2021-12-20,51.638031005859375,51.709392848597034,50.2108281783056,51.04930941415345,909287
2021-12-21,52.681678771972656,52.851158053832705,51.834275557232154,52.057276224125964,844799
2021-12-22,53.48448181152344,53.546921729165255,52.54787964417582,52.78872078481726,688420
2021-12-23,54.46568298339844,54.786801078815365,53.698560160675626,53.698560160675626,716337
2021-12-24,54.144561767578125,54.67084346944228,54.05535946056381,54.12672130617526,160922
2021-12-27,54.849239349365234,55.14359842710035,54.001836230057904,54.001836230057904,472733
2021-12-28,55.250640869140625,55.393361151744436,54.867079471632884,54.867079471632884,414479
2021-12-29,55.58960723876953,55.6609690871086,55.17036488657808,55.268485726684176,619702
2021-12-30,55.241722106933594,55.69664194246257,55.063320903752064,55.607443042231765,430941
2021-12-31,55.188201904296875,55.22388282623952,54.867080412253124,55.036563090120666,287161
2022-01-03,55.56283950805664,56.1069616065415,55.03655786885059,55.12575676252497,623774
2022-01-04,57.088165283203125,57.22196703167356,55.714480489423295,55.866122697871106,1151608
2022-01-05,57.13277053833008,57.667970749290376,56.99896878423002,57.37360825135824,1044475
2022-01-06,57.36468505859375,57.444968831464884,55.678800688137436,56.31212512053945,1258633
2022-01-07,57.98017120361328,58.604570325168496,57.3200911600492,57.43604905249802,1576486
2022-01-10,56.73136901855469,58.12289782537744,56.160487848477786,57.98017413013804,1436890
2022-01-11,58.684852600097656,59.0505701318148,57.09708904123232,57.09708904123232,1440127
2022-01-12,59.70174026489258,59.87122295359435,58.47969413063752,59.139781020612595,1319464
2022-01-13,59.4876594543457,59.73741910977651,58.60457192279225,59.67497919591881,806006
2022-01-14,59.16653823852539,59.80878124441314,58.82757287128451,58.8721757265868,1522888
2022-01-17,58.61349105834961,59.27357108841466,58.05153186044232,59.157613198337245,1437585
2022-01-18,58.4083366394043,58.4083366394043,57.4538940741118,58.29237193917838,959136
2022-01-19,58.31021499633789,58.75621631610521,57.75717090986799,58.21209416155387,1111173
2022-01-20,58.435096740722656,58.51537371430622,57.96233641511202,58.31021691152137,1020226
2022-01-21,56.48160934448242,57.81961336256597,55.999927081319505,57.72149252347128,1525346
2022-01-24,51.700469970703125,55.37552313915534,51.53990923020182,55.20604046711514,2949632
2022-01-25,51.72723388671875,53.056315896704916,51.50423322975409,52.80655624977489,1828592
2022-01-26,52.58355712890625,53.314999032899955,51.95023606127854,52.19107378344225,1605953
2022-01-27,51.9056282043457,52.21783114476195,51.50422977094158,51.73614894141329,1745544
2022-01-28,51.83427429199219,52.22675423116587,50.79955135897061,51.92347319548437,1551395
2022-01-31,53.20796203613281,53.35068233100484,52.03943728249789,52.619240394445654,1589921
2022-02-01,54.32296371459961,55.10792361063603,53.86804044946565,53.87696238164796,1130122
2022-02-02,54.30512237548828,54.8849220573249,54.073199780577575,54.51028257700463,1018736
2022-02-03,54.260520935058594,54.8760015170531,54.02859834864678,54.6173199409476,1087530
2022-02-04,52.788719177246094,54.57272454747348,52.547878043938965,54.456763245647046,1105865
2022-02-07,53.011714935302734,53.52015614647667,52.53003271333167,53.23471558591305,738486
2022-02-08,53.11875534057617,54.01075796057819,52.56571466893651,53.07415589012006,1069209
2022-02-09,55.19712448120117,55.95532536638293,53.618279395348296,53.65396031770792,1589760
2022-02-10,55.857200622558594,56.062360807689956,55.09007785910753,55.18819868737031,995643
2022-02-11,55.57176208496094,55.883965041005844,54.82247975426106,55.14360123923528,1088139
2022-02-14,54.08211898803711,54.33187862900143,52.645994247052464,54.26052018989158,1347162
2022-02-15,55.22388458251953,55.66988591282666,53.34175842418824,53.689638917392585,1288029
2022-02-16,55.4736442565918,56.0802063382236,54.67976243282315,55.21496607099715,1138704
2022-02-17,55.13468551635742,56.2586073682487,54.85816346739619,55.61636436561362,952225
2022-02-18,55.17036437988281,56.37457003914323,54.697604048499194,55.134686858761164,1373689
2022-02-21,54.15347671508789,56.17832301366384,53.172275221869874,55.54500198799185,1297708
2022-02-22,53.73423767089844,54.31403731440773,52.351630930308914,52.4586736913702,1114474
2022-02-23,53.21687698364258,55.00088225081493,52.98495779610697,53.91263794896939,952058
2022-02-24,48.5963020324707,51.067149683106344,48.02542090359256,50.07702623651835,3266505
2022-02-25,51.68263244628906,52.360556367521035,49.82726869902697,51.20095360014222,2761100
2022-02-28,49.90754699707031,50.157306640436346,48.05217992429424,49.06906236110731,3152938
2022-03-01,48.76578140258789,50.32678598120164,48.09677944032485,49.71130540089882,1991065
2022-03-02,47.900543212890625,48.935266155692844,47.418860962951634,48.03434156939362,2635217
2022-03-03,47.46345901489258,49.006623152865245,47.329660662336785,48.36438357461349,1625464
2022-03-04,44.7963752746582,46.6785014569272,44.61797405972234,46.6785014569272,2674786
2022-03-07,43.51188659667969,44.796372543735586,40.81803828326184,42.231865018193226,2925148
2022-03-08,45.01045227050781,45.89353637880825,42.396884270478466,42.57082451256916,2510355
2022-03-09,48.99770736694336,49.488308159221084,46.27709988002128,46.65173937141585,2830392
2022-03-10,48.052181243896484,49.66670724659894,47.731059749195886,49.15826601422967,1825525
2022-03-11,48.79254150390625,50.558706193025166,48.08785865342432,48.08785865342432,2040016
2022-03-14,49.711307525634766,50.79955185296621,49.488306862015705,49.488306862015705,1499263
2022-03-15,49.256385803222656,49.8718663865177,48.30194327130485,49.5150639771548,1887594
2022-03-16,51.92347717285156,52.79763942437248,50.46059326611369,50.66575348203714,2268548
2022-03-17,51.72723388671875,52.57463366100846,51.183111739289785,52.00375252361413,1512968
2022-03-18,51.5309944152832,52.06619465371349,50.79955250149243,51.96807381603324,2291138
2022-03-21,50.746028900146484,51.575591615385015,50.746028900146484,51.30799150785774,1061892
2022-03-22,51.629112243652344,51.825350504854555,50.781709079930295,50.94226982264479,978109
2022-03-23,50.621150970458984,52.0929567209965,50.44274975786048,51.92347403780387,907991
2022-03-24,49.43478775024414,51.01363292957171,49.43478775024414,50.66575242276941,1389070
2022-03-25,48.935264587402344,49.85402620294785,48.71226393099072,49.76482730147119,1489011
2022-03-28,49.63102722167969,50.26434829061172,49.14042644155938,49.16718543236155,1029757
2022-03-29,51.664791107177734,52.31595602664996,50.05026851177845,50.39814899580989,1241303
2022-03-30,49.461544036865234,51.47746838250505,49.22070293050086,51.47746838250505,1388509
2022-03-31,48.40898895263672,50.344633258913625,48.40898895263672,49.94323474937925,1717005
2022-04-01,48.19490051269531,48.623061362350626,47.76673966304,48.35546125665605,1369552
2022-04-04,48.7390251159668,48.988784773525936,47.704302159724456,48.49818398786899,1030659
2022-04-05,46.6517333984375,48.658739166653724,46.35737432184672,48.54277788061748,1842587
2022-04-06,44.55998992919922,46.955014647154194,43.63230644158802,46.70525501692032,2637011
2022-04-07,44.60905456542969,45.429698837895984,44.25671648514377,44.46633426622516,2078039
2022-04-08,45.81325912475586,46.6874213606801,45.340498783572414,45.527818533544696,1621910
2022-04-11,45.947052001953125,46.83905459366638,45.52781309769739,45.822172183548446,1581277
2022-04-12,46.45549774169922,46.80337821650891,44.983692068421355,45.42077144348792,1243389
2022-04-13,46.642818450927734,46.642818450927734,45.56349608269867,46.38413687095614,1231214
2022-04-14,46.29494094848633,46.7498608229575,46.05409981398268,46.53577868026975,1223533
2022-04-19,46.009498596191406,46.57145781910262,45.73297654805408,46.23249926002858,1549550
2022-04-20,47.24045944213867,47.56158093999467,46.187896044819595,46.27709835129074,1249139
2022-04-21,48.94417953491211,49.86294448594585,47.40993744491974,47.45453689239445,1784778
2022-04-22,49.49722671508789,49.622106537034114,48.03433956490655,48.21274076885256,1754812
2022-04-25,48.605224609375,48.97986407915465,48.12354237446975,48.33762109928099,1214371
2022-04-26,48.27518081665039,50.79954986324931,48.27518081665039,50.335708092763014,1952647
2022-04-27,49.01554870605469,49.37234774195129,47.41886306746072,48.21274492052693,1388016
2022-04-28,49.577510833740234,50.148392007338074,48.58738730959139,49.809430034494284,1102815
2022-04-29,50.24650955200195,51.82535120550634,49.66670648405878,51.73615230400122,1659281
2022-05-02,49.854026794433594,50.246510132115404,45.93813576582113,49.854026794433594,1141943
2022-05-03,49.336669921875,50.76387286227006,48.94418656122619,50.17515122401707,1261098
2022-05-04,48.935264587402344,49.75590536969154,48.72118246005039,49.64886600737555,685977
2022-05-05,48.28410339355469,50.49626951124282,48.27518146171691,50.14838902940961,1058176
2022-05-06,47.7489013671875,48.3019454671134,47.18694214056619,48.16814370683969,1199106
2022-05-09,46.20573425292969,47.88270010289069,46.20573425292969,47.409939811167604,1054947
2022-05-10,46.29494094848633,47.86486418488906,46.277100486368994,46.95502103322649,1024619
2022-05-11,47.178016662597656,47.40993924261177,46.38413489819829,46.90149803613757,962247
2022-05-12,46.73202133178711,46.865823099086974,45.47429764950551,46.38414082007182,1029041
2022-05-13,47.8559455871582,48.01650634326571,47.10666319289657,47.23154302482014,797721
2022-05-16,47.36533737182617,47.94514043115132,47.0085383683891,47.8024201492325,1085129
2022-05-17,48.09678268432617,48.694426247005,47.52590151579247,47.81134210005932,949191
2022-05-18,47.89162063598633,48.471423714519446,47.21370012509348,48.301944437476244,1216459
2022-05-19,46.767696380615234,47.27613758811892,46.00949553510127,47.24045666762607,987458
2022-05-20,46.348453521728516,48.02541933507815,46.348453521728516,47.18693812976324,1321197
2022-05-23,47.35641860961914,47.57050073280276,46.72309757439412,47.27613823876527,1132106
2022-05-24,46.54469680786133,47.2047768386428,46.38413606465071,46.883658754941514,744997
2022-05-25,47.40993881225586,47.445616329632756,46.4554963173474,46.86581669030023,775202
2022-05-26,48.40898895263672,48.41790748281109,47.186946155523636,47.37426591366906,929575
2022-05-27,49.20286560058594,49.4437067222718,48.168142671891154,48.4892641674723,901301
2022-05-30,49.84510803222656,50.1127081413003,49.24746449933253,49.44370616725595,666150
2022-05-31,49.14934158325195,49.72022610187016,49.14934158325195,49.50614398204835,2499215
2022-06-01,48.78362274169922,49.622107393908436,48.78362274169922,49.53290508903511,960658
2022-06-02,51.12067413330078,51.24555396239836,49.12258665957905,49.12258665957905,1494909
2022-06-03,50.656829833984375,51.62019089849706,50.48734715768235,51.602350437690525,811285
2022-06-06,50.26193618774414,51.20784763213438,50.26193618774414,51.09764520736851,1041528
2022-06-07,51.17111587524414,51.46499134375021,50.160915886891594,50.2252009266728,1498964
2022-06-08,51.13438034057617,51.29050014985073,50.6660139062087,51.024177916189906,1263987
2022-06-09,50.84050369262695,51.46498992176569,50.59254561606259,50.79458630880507,1356698
2022-06-10,48.38847732543945,50.3262210975356,48.204807785727816,50.28948578828451,1466659
2022-06-13,45.97318649291992,47.89256252466767,45.66553267077231,47.718071565154034,1951924
2022-06-14,44.30177307128906,46.56094217170254,44.30177307128906,46.202781643987244,1866943
2022-06-15,44.7930908203125,45.93645009212139,44.62778544327126,45.008902865026435,1209181
2022-06-16,41.86811065673828,44.9262533408562,41.74872265307244,44.63237787281099,2242987
2022-06-17,42.07014846801758,43.112487399831984,41.75331257756746,41.868107783872965,3317802
2022-06-20,40.389549255371094,41.27576848229398,39.43904498635201,41.23444388520586,2288425
2022-06-21,41.390560150146484,42.19412661068802,40.62372899715778,40.949746969327734,1683431
2022-06-22,40.15536117553711,40.375769509851246,39.498732464967254,40.08648685538109,1523952
2022-06-23,38.52067947387695,40.04515968639527,38.24976446627176,39.7650591003757,2312427
2022-06-24,39.71455383300781,39.82475976795876,38.46099197657206,38.87425547445775,2091825
2022-06-27,39.2921028137207,40.19209680479882,38.81455433826201,39.948731529567446,1269403
2022-06-28,39.20027160644531,39.87067524724619,38.92017099924654,39.39771951802359,1020530
2022-06-29,38.139556884765625,38.961490953489594,37.8456814471882,38.66302272690489,1500824
2022-06-30,37.602317810058594,37.68037771021067,36.61507832696209,37.58854294571078,2023384
2022-07-01,37.6895637512207,38.07986676004333,36.98242484542275,37.13395536165197,1013774
2022-07-04,37.33140563964844,38.25435665381245,37.31303798469819,37.94670631575778,870963
2022-07-05,36.302833557128906,37.68037598104147,35.99059046757786,37.51507060991024,1256255
2022-07-06,36.899776458740234,37.0788567248897,36.48651295867527,36.886001592616765,1240751
2022-07-07,38.31863784790039,38.594149141225,37.06507617701421,37.101811483227046,1568421
2022-07-08,39.47577667236328,39.92577192571784,37.99721383336912,38.213029384849506,1254430
2022-07-11,38.139556884765625,38.97067653150413,37.868641888953,38.50690293337319,1085514
2022-07-12,38.31405258178711,38.51150049430675,37.28548491954564,37.92833883262856,1117254
2022-07-13,37.79977035522461,38.42884942955414,37.055896059517046,38.00181106589701,1391919
2022-07-14,37.386505126953125,37.955891920986616,37.20283208059626,37.79058652959263,967520
2022-07-15,38.254356384277344,38.35537673415593,37.42324014744852,37.459975457090174,1064564
2022-07-18,38.90180206298828,39.56302360617349,38.69057929297564,38.73190388778879,869139
2022-07-19,39.788021087646484,40.11403906857832,38.281908470220365,38.57119114261209,1071632
2022-07-20,39.88445281982422,40.44006128237964,39.5033318361902,39.89822768615061,1049788
2022-07-21,40.182918548583984,40.715566531230564,39.51251490488343,39.98087784657736,1203561
2022-07-22,39.78343200683594,40.0910823621766,39.273740938962455,39.90741280889822,876822
2022-07-25,39.50333023071289,40.01761407338781,39.18190501858611,39.62271823947658,1006920
2022-07-26,38.6584358215332,39.305878980562206,38.410477748946,39.30128619127213,1127856
2022-07-27,39.29669952392578,39.54006482344041,38.55741804618966,38.61711029785128,1153061
2022-07-28,40.33903884887695,41.11964843216292,39.709963297199195,40.56862928456012,1638820
2022-07-29,41.6247444152832,42.05637202855478,40.64209768452117,40.95893008622455,1643524
2022-08-01,41.45943832397461,41.97831141024441,41.13800963509708,41.59719047354631,833138
2022-08-02,40.55485153198242,41.15637730960471,40.37117849585654,41.11964550499695,1079827
2022-08-03,41.0507698059082,41.11964763593382,40.15077573585008,40.463018862463876,841283
2022-08-04,41.62015151977539,42.488003036756254,41.115053290817656,41.13342094501435,829354
2022-08-05,41.71657943725586,42.31351594235418,41.202299128392674,41.395154244216364,1000502
2022-08-08,41.858924865722656,42.48800034151264,41.68902670263465,42.12524707650091,851506
2022-08-09,41.04617691040039,42.12066194751907,40.880871520074436,41.941578188605995,745361
2022-08-10,42.08851623535156,42.33188151285454,40.3390349042952,40.98648155118125,830541
2022-08-11,42.212493896484375,42.75892020593621,41.98749627041021,42.41453458299195,706866
2022-08-12,42.06096267700195,42.55228601737428,41.90484287878629,42.13443329023638,655946
2022-08-15,42.07474136352539,42.27678206500317,41.82678327624047,42.08392694265,352841
2022-08-16,42.318111419677734,42.478824026405455,41.91403000473709,42.24464079758959,591804
2022-08-17,41.009437561035156,42.570653036284476,40.96352018008375,42.32269497522091,961573
2022-08-18,39.948734283447266,41.60637744604516,39.921184553264304,40.92219895475053,1421771
2022-08-19,39.700775146484375,40.407914062979124,39.67322541703387,40.013018258920084,1033600
2022-08-22,38.337005615234375,39.51251089464611,37.94670261955707,39.489550452376776,1498091
2022-08-23,38.32323455810547,38.722723171683256,37.873239272406884,38.05690881572028,674189
2022-08-24,38.079872131347656,38.45180753885336,37.68038348764995,38.1487499669193,919293
2022-08-25,38.1303825378418,38.65844127600909,37.94211668637523,38.369155065538244,668169
2022-08-26,37.46456527709961,38.71813058612318,37.12017962666447,38.539050328158666,1277785
2022-08-29,37.24875259399414,37.71252273986005,36.42681843487196,36.91814181454031,1136127
2022-08-30,37.90538024902344,38.77323176794014,37.17987367135886,37.492116786855526,1287776
2022-08-31,37.05589294433594,38.525273756411345,37.05589294433594,38.488538447873296,1640615
2022-09-01,36.29365539550781,36.83548894746354,35.98600506178236,36.82630336848169,1282293
2022-09-02,37.63446044921875,37.804358617689836,36.66099582733356,36.82630120658334,1265265
2022-09-05,36.123756408691406,36.48650969837456,35.83906652551939,36.229369544987755,1573190
2022-09-06,36.711509704589844,37.2395684136468,35.87121136240126,35.91712874943403,1174607
2022-09-07,37.092628479003906,37.19824161587669,36.33497937632898,36.3395721657422,1099724
2022-09-08,37.42323684692383,37.69874463839409,36.88599612806607,37.40946198284106,950503
2022-09-09,38.10282897949219,38.48394642755728,37.487524810634966,37.54262777454323,824448
2022-09-12,39.10843276977539,39.457411202188844,38.26354167403663,38.31405184859405,1075339
2022-09-13,38.35996627807617,39.48955067944443,38.17629324868024,39.20945009785175,1203624
2022-09-14,37.47374725341797,38.364559171278074,37.08803354031306,37.98343824732023,937224
2022-09-15,37.48292922973633,37.81813277115585,37.023748407845915,37.59313514934561,773513
2022-09-16,37.032936096191406,37.35436128852031,36.537019939508085,37.03752888558806,1935329
2022-09-19,37.230384826660156,37.45997525577877,36.45436805519222,36.734468658978685,731369
2022-09-20,36.38549041748047,37.55181022393983,36.26610591606566,37.42324014347961,1426623
2022-09-21,36.683956146240234,36.683956146240234,35.77478006670959,36.0916124564749,895521
2022-09-22,35.398250579833984,36.03192240450342,35.370700849464676,35.816106841218726,1214131
2022-09-23,34.25029754638672,35.384474794040585,33.74979210691586,35.356925064388044,1796660
2022-09-26,34.42478561401367,34.91151614771801,33.82325987871706,33.979379671312216,1341992
2022-09-27,34.15386962890625,35.09059896319738,34.034485132823896,34.8196839490815,1037872
2022-09-28,34.15386962890625,34.163055207541376,33.08857021989763,33.69928157807748,1231817
2022-09-29,32.689083099365234,33.99774771179151,32.307962184946064,33.97938005893464,1684110
2022-09-30,34.025299072265625,34.08040203348057,32.96918525685059,32.98296012133639,1226180
2022-10-03,35.02172088623047,35.11355915556646,33.419180746488784,33.63499630033868,876404
2022-10-04,36.65640640258789,36.674774056131845,35.82987950946855,36.1650830559202,1392132
2022-10-05,35.696720123291016,36.408451878491285,35.412030223828545,36.24314648377731,1010302
2022-10-06,35.568145751953125,36.12834691059512,35.41202595535932,35.94926667178617,551355
2022-10-07,34.479888916015625,35.50386376991521,34.24570920099268,35.38906855551387,925059
2022-10-10,35.16407012939453,35.834473746105196,34.199791050653765,34.26866537513594,1038001
2022-10-11,35.36610412597656,35.60488010685635,34.64978318988025,34.95284420331886,1061733
2022-10-12,35.10896682739258,35.56814767028802,34.48448060079304,35.31560030865861,1032770
2022-10-13,35.34774398803711,35.4166183141152,33.667140366293204,34.77376791557352,1436863
2022-10-14,35.65080261230469,36.50028652462359,35.099786967360544,35.439579831633694,1462502
2022-10-17,36.417633056640625,36.66099835306043,35.04009047016902,35.45335394676489,1242863
2022-10-18,37.437015533447266,37.7997688388422,36.596713705884525,36.84926458409365,1222744
2022-10-19,36.220184326171875,37.52425976689041,36.220184326171875,37.464564014066745,1077786
2022-10-20,36.43600082397461,36.725287010120546,35.90794213020965,35.995187615335816,933638
2022-10-21,36.004371643066406,36.233962064960906,35.32478245281908,35.99059327500441,1244327
2022-10-24,37.29007339477539,37.418643461862416,35.889574017409906,36.39467221093962,952235
2022-10-25,38.10282897949219,38.125785920333364,36.96405891495818,37.487524810634966,1194895
2022-10-26,38.52067947387695,38.66761719906167,38.02476333765165,38.0431309912087,937992
2022-10-27,37.703338623046875,38.41047752898192,37.23038292375951,38.364560146159484,1176096
2022-10-28,37.8319091796875,38.0706851786501,36.94109722780788,37.409463647088174,1016187
2022-10-31,38.02017593383789,38.30486581988601,37.5564022925612,37.827317313577566,764589
2022-11-01,38.15333557128906,38.95690206776884,38.04772593644113,38.29568401860466,680871
2022-11-02,37.82272720336914,38.40129254172925,37.763031451836255,38.382924887663115,887170
2022-11-03,37.000797271728516,37.377325464600524,36.47733133293748,37.24416258497513,983260
2022-11-04,38.304866790771484,38.55741766699463,37.120179322206106,37.17068949745074,1235932
2022-11-07,38.70435333251953,39.0028215784685,37.94211145835054,38.31405032009633,992194
2022-11-08,38.87424850463867,39.07628567594759,38.263537195218014,38.65843296647712,879856
2022-11-09,38.920169830322266,38.998229734043846,38.21303090086776,38.66302617207489,835968
2022-11-10,40.73393249511719,40.885463015331105,38.48853843475394,38.708946782635266,1633464
2022-11-11,41.629337310791016,41.88647746431234,40.871688211855,40.954340904525694,1330305
2022-11-14,41.68902587890625,42.30891926756787,41.34923306271577,41.698207953604786,1119353
2022-11-15,41.43189239501953,41.93699066298905,41.101281600487596,41.817602653125384,1110320
2022-11-16,39.957916259765625,41.551274379128266,39.668633583747926,41.46403239934178,1362422
2022-11-17,39.829345703125,40.637504975070776,39.51710258691449,40.1553636842273,777719
2022-11-18,40.69719696044922,40.92219809646393,39.99924361870171,40.21046638664203,959638
2022-11-21,40.550262451171875,40.761485235888735,40.16914498270021,40.508937853481925,704007
2022-11-22,40.968116760253906,41.28495267369964,40.325262857631095,40.554853286905534,834370
2022-11-23,41.399749755859375,41.45025642956791,40.50893772904345,40.94056887659708,1149104
2022-11-24,41.418113708496094,42.02882511575634,41.330871724081824,41.4318920775561,838862
2022-11-25,41.60637664794922,41.83137428109521,41.197705976138984,41.62015151277647,728990
2022-11-28,40.600772857666016,41.47321723652738,40.600772857666016,41.32627949401289,890276
2022-11-29,40.573219299316406,40.94515465863877,40.527301915974554,40.60536181798289,740949
2022-11-30,40.173728942871094,40.91301034300135,40.173728942871094,40.71097316451665,2286710
2022-12-01,41.31709671020508,41.50995183708906,40.60077216235134,40.99107520578951,1259720
2022-12-02,41.95994186401367,41.95994186401367,40.89464250698494,41.09668318783799,1352669
2022-12-05,42.11606979370117,42.690045878976704,41.808419452778764,42.59361831704305,1396771
2022-12-06,42.28596496582031,42.5385158475946,41.978314621311306,42.065560108337344,1450289
2022-12-07,42.111473083496094,42.49718679859249,41.85892573145039,42.015045530539915,1739110
2022-12-08,41.519134521484375,42.08392854794502,41.50076686580649,41.936990805794046,1658946
2022-12-09,42.97932434082031,43.03902008991622,41.799229765602995,41.799229765602995,1401866
2022-12-12,42.35484313964844,42.795656361447264,42.22627305453278,42.795656361447264,1285173
2022-12-13,43.190547943115234,43.920647287802055,42.276779068219255,42.488001830577176,1576148
2022-12-14,43.16299819946289,43.43391320871888,42.915040129839326,42.988510744515224,1286139
2022-12-15,41.542091369628906,42.95636920491005,41.32627581319208,42.88289858856057,1760375
2022-12-16,40.968116760253906,41.555867698672955,40.39414068706782,41.427297618802776,2776206
2022-12-19,40.98189163208008,41.46862222117317,40.85332155218922,40.986484421582446,1331468
2022-12-20,41.27117156982422,41.43188766228193,40.44923746710525,40.70638111307456,828679
2022-12-21,42.263004302978516,42.263004302978516,41.183930045744155,41.32627498297188,1102169
2022-12-22,41.89565658569336,42.69463372626351,41.698208695084176,42.267595428121396,846430
2022-12-23,42.373207092285156,42.57065499239335,41.8497412181884,42.03341425370539,787447
2022-12-27,42.48800277709961,42.86453092765123,42.34565783703491,42.69463625809577,422179
2022-12-28,41.95994186401367,42.62116336260793,41.95994186401367,42.616570573514466,553227
2022-12-29,42.59361267089844,42.59361267089844,41.73494329997222,41.992083431042516,618156
2022-12-30,41.923213958740234,42.5614750744788,41.854336129021064,42.38698410542064,578977
2023-01-02,43.12626266479492,43.25024345058903,42.148208759161776,42.189533352245334,682400
2023-01-03,44.2558479309082,44.52217365788776,43.10789583524297,43.24565148803151,1471970
2023-01-04,46.23032760620117,46.66195872146852,44.31095153432443,44.356868918161595,1891602
2023-01-05,47.176239013671875,47.433382668983825,45.964001863665835,46.156856977695924,1718413
2023-01-06,48.103790283203125,48.140522091355706,47.10277581814874,47.488486078291764,1540570
2023-01-09,48.66398620605469,49.08643173148428,48.44357786485087,48.44357786485087,1828738
2023-01-10,47.4976692199707,48.517051288417754,47.35991356083443,48.4711303998577,1261298
2023-01-11,47.79154586791992,47.94766568240263,46.85481647120758,47.27726203150765,1500529
2023-01-12,48.39765930175781,48.77418743537367,47.79154075732078,48.01194558987698,1322645
2023-01-13,48.90276336669922,49.05888318320071,48.324194481162934,48.324194481162934,989571
2023-01-16,49.53643035888672,49.87622672068311,48.50786620419901,49.11398480469184,1212700
2023-01-17,49.407859802246094,50.5098945661622,49.343574762150915,49.53642988243645,1240588
2023-01-18,50.050716400146484,50.45479431724493,49.077251664029895,49.47214750487998,1423372
2023-01-19,48.746639251708984,49.98642610811857,48.535412984181534,49.738468036182304,1628967
2023-01-20,48.50786590576172,49.260922238005435,48.269093399333784,49.11398450252549,1132358
2023-01-23,49.113983154296875,49.31602384876256,48.62725257574429,48.8476574212779,1443024
2023-01-24,48.98541259765625,49.54561378808395,48.434396985944446,49.40785813352009,945696
2023-01-25,48.65480041503906,49.17826628193089,48.33337523476222,48.95786144496155,1054553
2023-01-26,48.35174560546875,48.838476192459815,48.14970490750027,48.50786541515573,1299475
2023-01-27,49.76601791381836,49.76601791381836,48.37010774723652,48.783371201696895,1288231
2023-01-30,49.0405158996582,49.793572209071485,48.91194231964826,49.766018976004865,1143069
2023-01-31,48.25990676879883,48.957863624575594,47.78235826307574,48.957863624575594,1599340
2023-02-01,49.003780364990234,49.325205555352476,48.18643902097895,48.43439709780347,1123358
2023-02-02,50.82213592529297,50.95070600101673,49.297655664206474,49.42622573993023,1804941
2023-02-03,50.99662399291992,50.99662399291992,50.050712564581254,50.20683237174432,1671574
2023-02-06,50.05989456176758,50.840504106176596,49.52724659921174,50.592546027595276,1117848
2023-02-07,49.4354133605957,50.37213923763846,49.37112481680653,50.21601942588865,1032415
2023-02-08,47.460933685302734,50.206833249807,46.22114677204483,50.13336613434889,2735773
2023-02-09,48.17725372314453,48.884392649336355,47.121139874888065,47.754808183841945,1468874
2023-02-10,48.16807174682617,48.204807055520796,47.58950289633735,47.8741962838129,1097956
2023-02-13,48.37929153442383,48.59051429148866,48.21398615876063,48.37010595618052,694434
2023-02-14,48.47113037109375,48.96704653976375,48.32419263629582,48.58133629964615,831391
2023-02-15,49.23337173461914,49.380309467792785,48.278274717354506,48.416030374886255,1070924
2023-02-16,48.755821228027344,49.82112062569944,48.42521046611673,49.352757715173915,1022367
2023-02-17,50.06908416748047,50.30785668646338,48.461951068481866,48.535418188448865,1540754
2023-02-20,49.885406494140625,50.53744245029622,49.80275380228486,50.372137066584685,678996
2023-02-21,48.7650032043457,49.88540556115346,48.71908582156723,49.76601756331204,973544
2023-02-22,49.15989685058594,49.15989685058594,48.16806811354695,48.62724892777853,1046730
2023-02-23,49.003780364990234,49.63744867024945,48.967045056585455,49.3160234798872,1225169
2023-02-24,51.36396789550781,52.1078421008721,50.5374410006586,51.42825293141034,2868531
2023-02-27,51.17111587524414,52.052742280762345,51.17111587524414,51.34560333989714,1441478
2023-02-28,51.7313117980957,52.08028669175792,50.50070708569174,50.932334665383756,2242164
2023-03-01,52.814979553222656,53.3017136339377,52.199678898965914,52.346616630077364,1975580
2023-03-02,52.57620620727539,52.73232601138593,52.052740329665575,52.34661578715629,1230803
2023-03-03,53.467018127441406,53.53130316477581,52.86089955880862,52.98028405484577,950436
2023-03-06,53.07212448120117,53.751710190140784,52.91600116756568,53.74252811440784,979764
2023-03-07,52.51192092895508,53.19150660755718,52.29151258521248,52.83334611433826,957150
2023-03-08,52.38335037231445,52.63130844301409,51.94253719216123,52.20885941333781,1171080
2023-03-09,51.7772331237793,52.291513428687864,51.556824776481456,52.291513428687864,1109106
2023-03-10,51.088462829589844,51.3180532567365,50.1333658118745,50.73948439941079,1252837
2023-03-13,48.8109245300293,51.15274610554121,48.34255811296384,51.097643143747696,2056204
2023-03-14,49.09561538696289,49.453775887584584,47.69970518979928,48.122154232098154,2028058
2023-03-15,47.084407806396484,49.380312203997605,46.854817366636375,49.36194454842415,2123955
2023-03-16,48.01194763183594,48.25072363107728,47.020118836607026,47.92011286491037,1634507
2023-03-17,46.93746566772461,48.765003435169085,46.78134236161272,48.34255790637277,2823095
2023-03-20,47.2680778503418,47.73644077620236,45.546149661738184,46.827264654451895,1874273
2023-03-21,48.48031234741211,49.334388962228935,48.11296628607975,48.30582139180699,1505833
2023-03-22,48.37010955810547,48.76500537345476,48.315010097629134,48.67317060381293,1115960
2023-03-23,47.809913635253906,48.3058263143346,47.25889448710464,48.21399154127907,1064208
2023-03-24,45.275230407714844,47.60786993035115,44.84360279762865,47.49766750897508,1995569
2023-03-27,46.1568603515625,46.6068591537975,45.85380279354471,46.18441358648927,1307603
2023-03-28,46.698692321777344,47.13032345363756,46.31298207879142,46.799712672065645,1037920
2023-03-29,47.4241943359375,47.58031763580293,46.9099140617258,47.07521593324269,1143909
2023-03-30,47.90174865722656,48.562970237132845,47.67215822012266,47.72726118620554,1022305
2023-03-31,48.04867935180664,48.44357512598636,47.69051888296261,48.14969968984399,1674260
2023-04-03,47.92011260986328,48.28745868215399,47.48848150041246,48.158885104561996,1236591
2023-04-04,47.4976692199707,48.599700479973194,47.44256625566181,48.13133754479933,1066140
2023-04-05,45.34870147705078,47.3323625979902,45.137478707607215,47.21297459673189,2258047
2023-04-06,45.04563903808594,45.63798273333048,44.926251040533025,45.3716570092785,1366760
2023-04-11,46.303794860839844,46.845628399622484,46.083390016440845,46.10175767068607,1544565
2023-04-12,46.46910095214844,47.185425465513575,46.267063758923506,46.62522426397013,1161473
2023-04-13,46.652774810791016,47.14869098181606,46.37726699464553,46.66196038984997,746368
2023-04-14,47.36909866333008,47.460933432982465,46.6252244173669,46.7997118810152,1028940
2023-04-17,47.16706085205078,47.91093164025525,47.1027758087065,47.29563093873935,1029765
2023-04-18,47.470115661621094,48.08541983074511,47.21297550314821,47.36909881598668,756160
2023-04-19,47.62623596191406,47.80072341508767,47.093584520744606,47.350728166224066,678540
2023-04-20,47.15787124633789,47.883377820163844,46.818078402918474,47.84664251188288,975395
2023-04-21,47.11195373535156,47.369097389351865,46.441550125758134,47.1211393140329,1037255
2023-04-24,47.00175094604492,47.1946060575812,46.827263488455685,46.98338329209788,782690
2023-04-25,46.542572021484375,46.98338522452874,46.1568582792756,46.98338522452874,846563
2023-04-26,46.33134841918945,46.5609388439592,45.41298672011046,46.5609388439592,1010282
2023-04-27,46.919097900390625,47.102770935201406,45.821655984067704,46.19359133968751,1139480
2023-04-28,48.14051818847656,48.43439715277652,46.81807861385,47.94766307404032,1526821
2023-05-02,47.13032150268555,48.50786403336405,47.02930115657897,48.177253265477724,1083329
2023-05-03,47.23133850097656,47.7180690396026,47.02011574830354,47.02011574830354,821758
2023-05-04,46.652774810791016,47.37828141248262,46.55175446077422,47.14869098181606,1026828
2023-05-05,47.846641540527344,47.95684746313292,46.74461034064564,46.89154806751465,1184959
2023-05-08,48.186439514160156,48.32419166718021,47.77317604855627,47.93848143479782,556935
2023-05-09,48.333377838134766,48.333377838134766,47.69970601535519,48.057870025447606,969985
2023-05-10,48.5262336730957,48.70072113961014,48.085420465634,48.25990793214844,977380
2023-05-11,48.71908950805664,48.81092778383457,48.241540983827434,48.517052307889216,909173
2023-05-12,49.14153289794922,49.215003515328924,48.48949693342768,48.84765743497411,922578
2023-05-15,49.6741828918457,49.72010027471114,49.15989909524616,49.39867509138128,754695
2023-05-16,48.61806869506836,49.72010347104379,48.57215130925105,49.59153338944652,1267062
2023-05-17,48.847652435302734,48.91193746729432,48.461942243353185,48.48949197041487,553585
2023-05-18,49.99560546875,50.142543188222156,49.196631838074616,49.205817416131886,779251
2023-05-19,50.87723922729492,51.19866441874964,50.0598943772338,50.197650032584015,1163561
2023-05-22,50.794586181640625,50.840503565347554,50.39969037587176,50.739483219229214,753590
2023-05-23,50.37213897705078,50.950707841984546,50.25275447572041,50.73948506662472,816834
2023-05-24,48.957862854003906,49.80275392548914,48.6548018153591,49.775204195893004,1053305
2023-05-25,49.077247619628906,49.398676314187114,47.77317569695639,49.23337092916217,673873
2023-05-26,49.2425537109375,49.59153214024797,48.94867824518297,49.3435740591541,772142
2023-05-29,49.25174331665039,49.65582123928227,49.1415373805281,49.600718271221126,285155
2023-05-30,48.90276336669922,49.68336945575085,48.74664355019772,49.24255623452818,830763
2023-05-31,47.571136474609375,48.351746039873206,47.433384318343016,48.08542029984418,2324549
2023-06-01,48.2966423034668,48.41603030627366,47.71807344723403,47.92011414378844,877309
2023-06-02,50.20683288574219,50.39969150687408,48.847657978539736,48.85684355745035,1318959
2023-06-05,49.977237701416016,51.06090469376749,49.857853213117586,50.500707048062424,1059571
2023-06-06,50.5833625793457,50.64764761612906,49.60071236721768,49.94050870824032,805474
2023-06-07,51.47417449951172,51.795603208434024,50.252755214768534,50.62009780647289,971102
2023-06-08,51.74967575073242,52.30987689799491,51.253763139712106,51.34559790016399,1114164
2023-06-09,51.26294708251953,51.96090389916561,51.22621177569149,51.96090389916561,1073584
2023-06-12,52.348785400390625,52.60595782136817,51.39629656719521,51.62489548588299,1093472
2023-06-13,53.9775390625,54.139464049428945,52.79645497406404,52.834555398453965,1445819
2023-06-14,54.044219970703125,54.17756783087416,53.787047540320415,54.05374326066248,1290301
2023-06-15,53.50129699707031,54.11089291359122,52.68215963761305,53.77751963578901,955686
2023-06-16,53.520347595214844,53.644172164058475,52.7393070227365,53.52987451852562,3211748
2023-06-19,52.777408599853516,53.272703252571084,52.520236166704585,53.272703252571084,1038570
2023-06-20,51.79634475708008,52.52976160868109,50.92958004763464,52.51071139563808,1797450
2023-06-21,51.662994384765625,52.23448621441452,51.35819462436892,51.748718522558605,1318441
2023-06-22,51.28199768066406,51.50106967097033,50.424756298199135,50.9772015521113,808725
2023-06-23,51.48202133178711,51.53917197051619,50.500958984405656,50.815278413774145,1064130
2023-06-26,51.42487335205078,51.75824298801185,50.99625265334617,51.67251884827093,907825
2023-06-27,51.843963623046875,52.14875973630861,51.043872917370734,51.79633991162278,977407
2023-06-28,52.55833435058594,53.11077598700852,52.37736277948237,52.37736277948237,958041
2023-06-29,52.43450927734375,52.710731909612555,52.17733685765795,52.59643426757104,652205
2023-06-30,53.08220291137695,53.491773405523396,52.71073284307124,52.71073284307124,1071527
2023-07-03,53.23460006713867,53.68227097943845,53.23460006713867,53.31080091751162,619374
2023-07-04,53.08220291137695,53.52987383136413,52.65358220431014,53.32985204588515,528498
2023-07-05,52.21543884277344,52.48213455999008,51.61536984557936,52.282112772077596,1193823
2023-07-06,50.472381591796875,52.43450613533628,50.26283289939701,51.33914622837407,1874875
2023-07-07,51.129600524902344,51.46297016097538,50.67240632394939,51.05339967468193,1108389
2023-07-10,51.70109176635742,52.12018917078188,50.76765316275389,50.91052793852704,816934
2023-07-11,53.76799392700195,53.91086506809808,52.63452992030781,53.05362732115194,1345322
2023-07-12,55.158626556396484,55.34912504410222,53.78704398513675,53.95849226072627,1244366
2023-07-13,54.9586067199707,55.434851139323214,54.81573194078233,55.37770050095655,878732
2023-07-14,54.9681282043457,55.3395982578876,54.84430727546937,54.958604914992314,443550
2023-07-17,54.89193344116211,55.00623108579071,54.19661701669851,54.5109364477913,633426
2023-07-18,55.13957977294922,55.33960156242252,54.62523491419785,54.86335713027274,510420
2023-07-19,55.12052917480469,55.672974456300544,54.796682817865616,55.21578024064362,628387
2023-07-20,55.663448333740234,56.073018839097934,55.063382960877576,55.082433174319405,830526
2023-07-21,55.58724594116211,55.91109227262673,55.368173957150205,55.5777190185993,572955
2023-07-24,55.63487243652344,55.96824207377003,54.9871797411959,55.1967284465832,443831
2023-07-25,55.99681854248047,56.31113796336118,55.234828213952156,55.71107262346442,831520
2023-07-26,55.758697509765625,55.85394494028757,55.11100480853801,55.73012037384378,878143
2023-07-27,58.31136703491211,59.18765500993873,56.61593445549577,56.76833252217242,1992604
2023-07-28,58.53996276855469,58.663787334137226,57.25410429816918,58.10181877767067,1080379
2023-07-31,58.55900955200195,58.81618195771035,58.101815375228036,58.49233562831344,904401
2023-08-01,58.397090911865234,58.825707974464244,58.22564263344304,58.4732881281326,962725
2023-08-02,58.4066162109375,58.67331192723418,57.01598335673818,57.23505535704712,1059377
2023-08-03,57.93989562988281,58.32088897100457,57.2636258183337,57.82559435743549,909845
2023-08-04,58.397090911865234,58.4161411242962,57.7874950144438,58.158968706662904,617825
2023-08-07,58.31136703491211,58.435187966085536,57.62557391813891,57.91131983897557,629209
2023-08-08,58.063716888427734,58.44471386517289,57.625572908590314,57.90179553505773,778901
2023-08-09,58.01609420776367,58.84475846846511,57.98752070570875,58.57806276006844,564176
2023-08-10,57.99704360961914,58.76856086108091,57.55889962489312,58.18754210011721,1051202
2023-08-11,58.1018180847168,58.168492011514545,57.577949959824586,57.82559545457957,1049802
2023-08-14,58.17802047729492,58.349465126852486,57.682725841193644,57.91132112957479,532787
2023-08-15,57.82559585571289,58.53996247646412,57.39697515657085,58.51138897434016,572175
2023-08-16,58.02561569213867,58.27326481376545,57.48269736924603,57.6255721419889,615178
2023-08-17,57.0350341796875,57.59700275464782,56.86358589353305,57.53032882486072,964220
2023-08-18,56.434959411621094,56.86358008321074,55.89204110542631,56.67308160323131,1112199
2023-08-21,56.24446487426758,56.81596035426658,56.00634266596547,56.38733965263147,683027
2023-08-22,56.47306442260742,56.911208418738845,56.35876314525929,56.44448728654209,703995
2023-08-23,55.920616149902344,56.71118359193797,55.5777196031619,56.58735903151361,827598
2023-08-24,55.29197311401367,56.75880671153305,55.17767547744718,56.27303903103318,961956
2023-08-25,55.28245162963867,55.74916911370436,54.92050486299637,55.07290292787894,673727
2023-08-28,56.177791595458984,56.196841808357966,55.682496960455275,55.682496960455275,581944
2023-08-29,56.549259185791016,56.61593311128801,55.88251629736465,56.234939770370396,774374
2023-08-30,56.806434631347656,57.00645641851772,56.25399298581274,56.74928762556,756164
2023-08-31,57.301727294921875,57.301727294921875,56.615934181468006,56.74928566843909,3028878
2023-09-01,57.387451171875,57.95894300817083,57.13027875550493,57.2064796048545,939677
2023-09-04,55.58724594116211,57.81606983807598,55.47294830460293,57.59699785406408,871598
2023-09-05,54.85383224487305,55.38722730141089,53.95849404651764,55.14910509226202,1135996
2023-09-06,54.9681282043457,55.35864847005083,54.6538087872935,54.73953292529982,778139
2023-09-07,54.55855941772461,55.139578189616465,54.49188548981471,55.00623033379667,1025655
2023-09-08,54.644283294677734,54.97765656607493,53.606070322075574,54.93955614075127,954180
2023-09-11,54.644283294677734,55.18720163844196,54.51093543950147,54.79668136251582,677356
2023-09-12,54.28234100341797,54.8443095686329,54.2156634413305,54.730008290874316,846808
2023-09-13,53.539398193359375,54.091843478744416,53.31080290064993,53.882294765880204,1246534
2023-09-14,53.88228988647461,54.02516465657224,53.07267587847163,53.577493768158924,1443304
2023-09-15,54.52046203613281,55.88251771546146,54.35853704620502,54.3775872587528,12919962
2023-09-18,54.244239807128906,54.88240558166314,53.69179453951131,54.52998573055404,1023637
2023-09-19,54.51093292236328,54.79667883218281,53.87276717821488,54.10136245268795,1085787
2023-09-20,55.18720245361328,55.5777227353078,54.66333431477282,54.85383281074842,925860
2023-09-21,54.225189208984375,54.97765625430505,54.034690716902915,54.81573126432603,1479310
2023-09-22,53.46319580078125,53.729891494290364,53.091725760977454,53.720368205289176,1096930
2023-09-25,53.55844497680664,54.08231309196226,53.01552664956909,53.42509712568955,1296348
2023-09-26,53.6727409362793,53.75846507123724,52.72977908519824,53.33937131891859,1014843
2023-09-27,53.55844497680664,54.05373959056759,53.320322775967135,53.65369603721631,812868
2023-09-28,54.16804122924805,54.177568152720674,53.54892564142511,53.758470722885825,848992
2023-09-29,54.17756652832031,54.84430944660212,53.98706803260314,54.139466102485564,1119348
2023-10-02,52.11066436767578,54.74905893116241,51.48202186892328,54.368065569363196,2053685
2023-10-03,51.5486946105957,52.15828688219714,51.08197711728809,51.35819611735612,1308268
2023-10-04,51.53916931152344,52.21543548437324,50.91052685176259,51.12007191604527,1093348
2023-10-05,50.97719955444336,51.69156613401775,50.872425208086106,51.586791787660495,867984
2023-10-06,51.8820686340332,52.06304020683245,50.92957978748782,51.09150114734137,1120144
2023-10-09,51.491546630859375,51.767765625696164,50.97720179889049,51.55822055721203,694598
2023-10-10,52.520233154296875,52.682158143713494,51.95826460300951,51.95826460300951,940765
2023-10-11,52.424983978271484,52.46308440197707,51.167699063638416,51.901115869417104,885286
2023-10-12,51.910640716552734,52.901229961888994,51.872540291703686,52.863129537039946,783050
2023-10-13,50.68192672729492,51.98683896208436,50.68192672729492,51.529641153711104,1074049
2023-10-16,51.09149932861328,51.35819503344619,50.253308156122976,51.20579696876217,888371
2023-10-17,50.834327697753906,51.24389818418651,49.596092948903554,50.63430591604212,1249148
2023-10-18,48.79600143432617,50.7771799086275,48.79600143432617,50.7771799086275,1336599
2023-10-19,47.85304260253906,48.27213639882745,47.643493887666516,48.186412254875655,1534877
2023-10-20,47.395843505859375,47.65301593098664,46.8719753658401,47.24344543542728,1938095
2023-10-23,47.78636169433594,48.02448389604211,47.424418563831196,47.90066296724355,1277627
2023-10-24,47.68159103393555,48.10068480138847,47.50537929642079,47.78636175070644,1257732
2023-10-25,47.53395080566406,47.84351038196398,47.04341967148334,47.71968582475275,1075162
2023-10-26,47.538719177246094,47.719690753819826,46.83387581738085,47.14819888735576,1021054
2023-10-27,48.99602508544922,49.12937657641531,46.548129034149106,47.719689882426636,2162737
2023-10-30,48.862674713134766,49.529417599823674,48.72932686248827,49.31986890111837,915078
2023-10-31,48.957923889160156,49.16746894634512,48.63407756428563,48.80552583236369,821382
2023-11-01,49.06269454956055,49.27224323998199,48.32928139999806,48.94839691544716,553282
2023-11-02,50.72955322265625,51.24389806020485,49.71991739353106,49.87231546019844,1174257
2023-11-03,51.69157028198242,52.01541663604796,50.89147950331796,51.1010282128476,1032753
2023-11-06,50.79623031616211,52.05351526297248,50.71050617735884,51.89159027480786,676204
2023-11-07,50.5200080871582,51.05339950308223,50.30093609369561,50.481907662176056,635932
2023-11-08,50.60573196411133,50.97720202211892,49.90088863942416,50.12948755467463,597323
2023-11-09,51.901119232177734,52.43451066478964,50.596206886637034,50.596206886637034,1435029
2023-11-10,51.65346908569336,51.65346908569336,51.02482659993578,51.47249751508892,772233
2023-11-13,51.8820686340332,52.17733785105005,51.70109342777736,51.81539470545155,670066
2023-11-14,53.57749557495117,54.09184040450025,51.967790793721406,52.15828564900051,1367034
2023-11-15,54.987178802490234,55.60629798504359,53.59654600592084,53.89181884633892,1633745
2023-11-16,54.6252326965332,55.15862774693069,54.47283462977056,54.87288182593281,1070217
2023-11-17,55.596771240234375,55.78726973035758,54.83478091319804,54.83478091319804,1346476
2023-11-20,55.05385208129883,55.7967958183162,55.05385208129883,55.76821868347863,768488
2023-11-21,55.07290267944336,55.644394511810894,54.97765525186759,55.244350955844915,766698
2023-11-22,55.48247146606445,55.596769102360675,54.39663483760951,54.86335230533527,993970
2023-11-23,55.11100387573242,55.62534871214091,54.939555596929594,55.54914786224787,493901
2023-11-24,55.46342086791992,55.49199436843077,54.76810449899097,54.958602980461336,642268
2023-11-27,55.26340103149414,55.53962365762036,55.02527882968666,55.044329041846034,714622
2023-11-28,55.73011779785156,55.73011779785156,54.95860419929812,55.02527812427295,805477
2023-11-29,56.596885681152344,56.854058106477254,55.81584511540556,55.81584511540556,811259
2023-11-30,56.96835708618164,57.282676504371395,56.35876119512138,56.6730842467676,1543187
2023-12-01,56.98740768432617,57.47317538243862,56.520686565118424,56.53020985457077,1025794
2023-12-04,56.711185455322266,57.23505358185251,56.56831067833379,56.9302574488365,520252
2023-12-05,57.720821380615234,57.720821380615234,56.43496291937908,56.57783769660821,985245
2023-12-06,58.29231643676758,58.511388429074984,57.7017743864843,57.958943170116456,907321
2023-12-07,58.301841735839844,58.48281694306053,57.73034987824844,58.08276973598125,665145
2023-12-08,58.92095947265625,59.501978239002746,58.339940706309754,58.34946399586746,966415
2023-12-11,59.50197982788086,59.94012382836576,58.768562974830935,58.81618669080423,1144470
2023-12-12,60.016319274902344,60.5306641125208,59.72105006451348,59.80677420411655,913618
2023-12-13,59.597225189208984,60.74973578962088,59.587701899727854,60.37826573109609,1233178
2023-12-14,62.95950698852539,63.616726573013345,60.66400917100437,60.66400917100437,2422148
2023-12-15,63.44527816772461,64.34061994563913,63.17858247223842,63.34050382065322,3252635
2023-12-18,61.93082046508789,63.111911845243405,61.79747261037889,62.7690152854451,1019569
2023-12-19,62.5023193359375,62.568993263035885,61.73079844589842,61.74985229187684,839454
2023-12-20,63.21668243408203,63.21668243408203,62.35944108562351,62.416588086549865,835723
2023-12-21,62.96903991699219,63.102387777735466,62.654716845134445,62.80711855279155,514360
2023-12-22,63.464324951171875,63.464324951171875,62.70233828544814,63.1500091758536,500931
2023-12-27,63.53099822998047,63.721500344661024,63.20715553539249,63.435750806096515,408336
2023-12-28,63.2357292175293,63.76912060634189,63.03570744672457,63.63577275913874,469600
2023-12-29,63.49291229248047,63.8072281003409,63.17858921770657,63.17858921770657,511437
2024-01-02,63.03571319580078,63.86438112206573,62.58804226782707,63.24526190820663,718397
2024-01-03,60.97833251953125,62.82616320000325,60.587815872772225,62.66424184078398,1270430
2024-01-04,61.540306091308594,61.83557531376951,60.62591765379544,60.62591765379544,1076960
2024-01-05,60.740211486816406,61.07358474839851,60.073468597108636,60.959283475792766,976397
2024-01-08,61.1212043762207,61.1212043762207,59.97822072627186,60.416364700982676,891118
2024-01-09,61.549827575683594,61.60697457706782,60.76878343335458,61.25455111240218,858562
2024-01-10,59.787723541259766,60.96881127428847,59.49245069963847,60.006795533382736,1295237
2024-01-11,58.87333679199219,60.197295704615634,58.87333679199219,60.1115715632645,915746
2024-01-12,60.559242248535156,60.902135179155934,59.44482841528374,59.44482841528374,1073455
2024-01-15,60.463993072509766,60.51161678935066,60.2068206414209,60.34969542540028,470152
2024-01-16,59.72105026245117,59.98774597167511,59.46387784278957,59.7591506876136,723955
2024-01-17,58.7876091003418,59.14002893418797,58.35898841947139,58.835232813003756,838436
2024-01-18,59.55912399291992,59.79724619488548,58.511387757654035,58.835234097665456,1280172
2024-01-19,58.87333679199219,60.09252135035796,58.62568765766377,59.99727391928186,1070313
2024-01-22,59.4638786315918,60.073470908450915,59.31148056237702,59.682950628997006,540826
2024-01-23,59.22575378417969,61.245032653182854,59.17813007094374,61.08310403457652,1023762
2024-01-24,60.38779067993164,60.78783422727874,58.7971325128003,59.054304921861885,1133703
2024-01-25,60.42588806152344,60.454465196225364,59.43530247262953,60.19729278464654,666869
2024-01-26,61.50220489501953,62.08322367620649,60.444941687739224,60.559242966090395,1194797
2024-01-29,61.245033264160156,61.85462551995693,61.092631566754505,61.60697639512921,865865
2024-01-30,62.759490966796875,62.759490966796875,61.26408373386443,61.530779454349705,1084756
2024-01-31,62.711856842041016,63.159527724600835,62.568989340724116,62.77853803187234,1253765
2024-02-01,62.04512023925781,62.84521461506377,61.787951459088724,62.51183771944544,890232
2024-02-02,63.06428146362305,63.43575150771791,62.29276787464335,62.59756399459075,1334621
2024-02-05,62.30229568481445,63.083336207488976,62.073693141412534,62.873787509493624,777012
2024-02-06,62.81663131713867,63.11190777659845,62.32134035542282,62.88330524019489,743643
2024-02-07,63.778648376464844,64.30252011666292,62.435642964094946,63.2166834796276,1661751
2024-02-08,64.45491790771484,64.87401532174505,63.3405077115852,63.8167521304693,1150528
2024-02-09,64.5596923828125,64.95973595136942,64.24536932169785,64.37871717788349,760402
2024-02-12,65.8550796508789,65.8550796508789,64.95021813443597,64.95021813443597,973935
2024-02-13,64.902587890625,65.54075365869127,64.13107426854226,65.4931335776357,1141749
2024-02-14,64.72161102294922,65.22643619091978,64.48348882306064,64.55968967108407,711120
2024-02-15,66.35037231445312,66.96948421176299,65.78840015197292,65.91222107805234,1326645
2024-02-16,65.84555053710938,66.74089236728081,65.70268302541233,66.49324323548407,921645
2024-02-19,65.2931137084961,65.4550350692698,64.42634536509583,65.05499149550656,586292
2024-02-20,65.05498504638672,65.4550285804923,64.80733593469219,65.12165896873765,780416
2024-02-21,65.1692886352539,65.21691598690337,63.90247665727932,64.99784034299483,1139707
2024-02-22,66.3313217163086,66.3313217163086,65.16928417791112,65.48360723670646,1005495
2024-02-23,66.85518646240234,67.13140906686846,65.83602380926092,66.3217878306795,848242
2024-02-26,66.66468811035156,67.16950600432357,66.56944068511561,67.06473892340294,648521
2024-02-27,66.89329528808594,67.06474357216011,66.31227650688534,66.3408500097455,622347
2024-02-28,67.90292358398438,67.92197016146561,66.78851349506556,66.80756007254679,652863
2024-02-29,67.81719970703125,68.27439752883558,67.43621000025931,67.96007448052715,1618440
2024-03-01,65.34072875976562,70.10317265285222,63.92152251436137,68.84588775575388,2119689
2024-03-04,65.69315338134766,66.02652300635461,65.18833548249245,65.72172688250357,859021
2024-03-05,64.82638549804688,65.42645809375472,64.32156759600957,64.92164019171742,806465
2024-03-06,64.902587890625,65.1597639425946,64.49301740559933,64.6835195305607,745540
2024-03-07,65.9312744140625,66.19797010935098,64.2739459741179,64.34061989794002,941662
2024-03-08,65.2931137084961,65.94080641850415,64.88354321147756,65.69315728225934,755023
2024-03-11,64.912109375,65.19785163813187,64.40729150324586,64.69303376637772,563680
2024-03-12,66.2170181274414,66.2170181274414,64.32156745164022,65.17880882436103,1005281
2024-03-13,66.52181243896484,66.53133936143335,65.71219843504467,66.41704535946177,792710
2024-03-14,65.8646011352539,66.67421515156897,65.75029986461976,66.6265878054099,1038374
2024-03-15,66.39799499511719,67.04568768558799,65.78840272960501,65.93127750647166,1800708
2024-03-18,65.84555053710938,66.67421843951782,65.73125652775173,66.63611801409424,842164
2024-03-19,66.6742172241211,66.6742172241211,65.43597885462222,65.64552755717554,926378
2024-03-20,67.15046691894531,67.512410081994,66.65517589230427,66.67422247271166,742108
2024-03-21,68.10295104980469,68.17915189993353,66.8837665153954,68.10295104980469,1315604
2024-03-22,67.50288391113281,68.13152274070174,67.03615916668561,67.72195226578833,933134
2024-03-25,67.17903900146484,67.55050908031349,66.52181935415723,67.4362150664606,988831
2024-03-26,68.0457992553711,68.07437275542964,66.99805580714126,67.04568315184717,829741
2024-03-27,68.74111938476562,69.00781510325766,67.96007880907614,68.09342666832214,808772
2024-03-28,68.51252746582031,68.96019841543485,68.13153044911132,68.81732362580478,993304
2024-04-02,68.06484985351562,69.07448567208722,67.95054857961748,68.19819770627365,900623
2024-04-03,69.6269302368164,69.68408450665386,68.00770217404205,68.19819702839919,980813
2024-04-04,70.73182678222656,71.09376994319193,69.39834088706515,69.53168874988994,1104459
2024-04-05,69.87458038330078,69.93172738706143,68.88399113894263,69.32213512390456,1105380
2024-04-08,70.76992797851562,71.30331943560907,69.89363267011608,69.89363267011608,892366
2024-04-09,69.77933502197266,70.69372344379713,69.58883289227181,70.65562301785695,763736
2024-04-10,69.2649917602539,70.46512977068973,68.08390759668163,70.27462763662106,1012132
2024-04-11,68.52204895019531,69.4745377829001,68.02675068771748,68.96019294120994,1077909
2024-04-12,68.48394775390625,69.817433558064,67.95054907209534,69.47453700079735,962434
2024-04-15,68.63634490966797,69.53168676326473,68.38870303830515,68.8268470417701,689178
2024-04-16,67.34095764160156,67.74100847464383,67.03616150546794,67.58860677312047,840842
2024-04-17,67.70291137695312,68.5791994030439,67.28381394407778,67.28381394407778,737128
2024-04-18,67.81719970703125,68.04580225138984,67.22666130138703,67.62670485364528,710320
2024-04-19,66.92186737060547,67.36001136129295,66.08367254762673,66.78851951547941,906920
2024-04-22,67.05521392822266,67.64575234180748,66.76946437738856,67.55050491383376,625778
2024-04-23,67.11236572265625,67.4362157211815,66.52182000000047,67.34096101949477,963067
2024-04-24,67.45525360107422,67.87435098031806,66.99805579945253,67.3981066009637,843992
2024-04-25,67.05521392822266,67.45525748586005,66.21701912146287,67.18856178076845,962923
2024-04-26,71.66525268554688,71.684306530329,69.01733508001278,69.05543550266447,1714163
2024-04-29,71.15091705322266,71.97005807855953,70.97946876264253,71.83671021554316,1180241
2024-04-30,71.1128158569336,72.00815036931304,71.09376201184801,71.36045770774456,1133117
2024-05-02,72.10340118408203,72.59869944281675,71.39856148794283,71.81765889657788,1313777
2024-05-03,74.00837707519531,74.65606975181434,72.3320020143449,72.67489856472632,1131997
2024-05-06,74.0655288696289,74.82751552630123,73.98932802388788,74.17982287132781,605204
2024-05-07,74.67512512207031,75.24661696207053,74.17982686500059,74.29412813976583,983906
2024-05-08,75.72286224365234,76.69439765612914,74.82752041498188,74.86562084034159,1075897
2024-05-09,76.42770385742188,76.7134534213114,75.2847201356903,75.53236927326702,684224
2024-05-10,76.90394592285156,77.39924418278541,76.54200278437149,76.58010320951355,1055428
2024-05-13,76.98014068603516,77.4944854844124,76.73249157565074,76.98014068603516,763936
2024-05-14,77.39923858642578,77.60878727609919,76.71344551728097,76.86583993991731,849720
2024-05-15,78.73272705078125,78.77082020758571,77.30399386249194,77.72308398955612,1214801
2024-05-16,77.72308349609375,78.58032485700728,77.58973564738639,78.54222443353194,1043272
2024-05-17,77.51353454589844,77.79928408756885,76.54199918466189,77.15159142444026,1220383
2024-05-20,77.74214172363281,78.06598444105929,77.4373455855613,77.51353916989433,262965
2024-05-21,76.98014068603516,77.91358286092255,76.59914373165434,77.83738201666388,773524
2024-05-22,76.33245849609375,76.96110464694138,76.18006405362108,76.92300421959484,895298
2024-05-23,77.51353454589844,77.68498281751815,76.21814921964123,76.31340391147319,913749
2024-05-24,77.8183364868164,77.95168434506067,77.07539634319458,77.09445018975133,719685
2024-05-27,78.04693603515625,78.2183843129911,77.83738733258998,77.8945343362306,371285
2024-05-28,77.78024291992188,78.82797920074184,77.45639293237348,78.25648734455942,965328
2024-05-29,76.94204711914062,77.87548937719406,76.78965268395804,77.5135389681733,942365
2024-05-30,77.18968963623047,77.39923832519663,76.56104356933196,76.61819783617614,882247
2024-05-31,76.75155639648438,77.72309186552881,76.3134123797064,77.22780084084044,2193493
2024-06-03,77.01824188232422,78.35172760260457,76.77059276945053,77.83738279905732,1144365
2024-06-04,76.54200744628906,77.11349932440166,75.34186941541317,76.92300445400195,1506126
2024-06-05,76.92300415039062,77.05635201252679,75.9514614212117,76.77060244114159,954677
2024-06-06,76.73249816894531,77.62783999863626,76.69439774354217,77.28494343692113,729392
2024-06-07,75.8943099975586,77.01824710367337,75.28471772986038,77.01824710367337,1041171
2024-06-10,75.44430541992188,75.44430541992188,72.99862651908491,73.52689405730005,1693530
2024-06-11,74.77908325195312,75.9334440347868,74.30950960146994,75.54213390332082,1716404
2024-06-12,76.36387634277344,76.65736079913269,74.17255011644893,75.05299602190692,1100565
2024-06-13,73.91819763183594,76.20735699263308,73.58558887971401,76.0312678110333,1273199
2024-06-14,70.72904205322266,73.4681981475231,70.06381704422022,73.4486359988555,2929935
2024-06-17,71.66818237304688,71.9420972378262,70.90513168869866,71.31600398586765,1160090
2024-06-18,73.05732727050781,73.11602118126977,71.72687722668721,72.45079615935947,1056563
2024-06-19,72.97905731201172,73.6834140335288,72.78340598431019,73.37036743103452,902000
2024-06-20,74.21168518066406,74.25081694082975,72.97906085811508,73.21384395548914,1086799
2024-06-21,71.53121948242188,73.89863487721927,71.53121948242188,73.89863487721927,3359229
2024-06-24,71.57035064697266,72.07904857229529,70.9833817422516,71.45295537330452,883406
2024-06-25,71.72687530517578,72.29427463940914,71.2181773437522,71.57035572613015,877685
2024-06-26,71.82469940185547,72.19644738823433,70.86599740919637,72.0399203489969,1093329
2024-06-27,71.60948181152344,72.21601292157052,71.41383046692522,71.86383453039743,713231
2024-06-28,71.04208374023438,72.33340190754468,70.94425061283442,72.33340190754468,993819
2024-07-01,72.88123321533203,74.23124531818938,72.88123321533203,73.60515209973786,1167518
2024-07-02,72.88123321533203,72.93992712218065,71.29643055784044,72.1181825718205,1175722
2024-07-03,75.1703872680664,75.26822040040264,73.17471974267323,73.72254945837959,1055081
2024-07-04,75.75735473632812,75.93344392204537,75.32691284599264,75.32691284599264,656622
2024-07-05,75.6595230102539,76.46171289844905,75.40517776453457,75.95300747977018,643467
2024-07-08,76.0312728881836,76.91171885497616,75.3464782635137,75.3464782635137,833460
2024-07-09,73.68341827392578,75.77691894801364,73.27254598393549,75.77691894801364,915812
2024-07-10,74.03559875488281,74.30951362264561,73.155152777345,73.74211427449676,512530
2024-07-11,76.30518341064453,76.40300907613934,74.40733415284194,74.8182138897119,872874
2024-07-12,77.2638931274414,77.47910660686826,75.58126480575233,76.50083502110668,724086
2024-07-15,76.8725814819336,77.5769382039478,76.57909702655442,76.91171324022547,647719
2024-07-16,77.69432830810547,77.75302967908553,76.03126958152957,76.36387834139677,664436
2024-07-17,76.89214324951172,77.61606211528668,76.46170883766645,77.55736820994862,679004
2024-07-18,76.79431915283203,77.94867991762322,75.83560971890586,76.89214481826454,1084603
2024-07-19,75.81604766845703,76.6377922154873,75.1703848412591,76.57909830887652,1043657
2024-07-22,76.83345031738281,77.1660590700044,75.91387264946701,76.10953144243835,609448
2024-07-23,76.65736389160156,77.47910846076621,76.30518551521098,77.12693008437563,630830
2024-07-24,75.36604309082031,76.520403848741,75.17038429749996,76.109531578198,968842
2024-07-25,74.72038269042969,74.72038269042969,72.66601380750039,74.34864216650041,1005734
2024-07-26,77.87041473388672,78.33998836698458,74.30950685026194,77.28345329022918,1199350
2024-07-29,76.30518341064453,78.00737387383766,76.07040032073304,77.77259078392616,918539
2024-07-30,77.0095443725586,77.22476532663676,76.08996664645015,76.40301327139468,647828
2024-07-31,77.71389770507812,78.67259968620606,77.30301796383192,77.43998285332728,969451
2024-08-01,74.72038269042969,77.14649956090831,74.72038269042969,77.0878056528195,1135137
2024-08-02,72.07905578613281,74.11386261831082,71.86383482801124,73.17472272583338,1439407
2024-08-05,70.96382141113281,71.41382544294713,68.73336339969666,69.45728228012666,1499214
2024-08-06,70.2790298461914,71.92252647213411,69.47684741350629,71.39426636345625,1177974
2024-08-07,72.07905578613281,72.7638429586829,70.9051327864411,71.7464395425939,1148281
2024-08-08,71.78556823730469,72.13774661488918,70.76816486468505,71.2181763744142,688520
2024-08-09,72.25514221191406,73.0377624907802,71.76600640352775,71.82470031217568,550999
2024-08-12,71.96165466308594,72.74427490847344,71.45295672811793,72.47036006167376,556310
2024-08-13,72.00078582763672,72.3138324304848,71.35513047459618,72.03991758594519,543998
2024-08-14,72.41165924072266,72.60731803536233,72.09861263291904,72.43122885199655,519514
2024-08-15,73.78124237060547,74.01603292869787,72.27470320913592,73.15514914293242,707277
2024-08-16,74.27037811279297,74.5834247263833,73.70297879327923,74.17255244547474,828955
2024-08-19,74.77908325195312,75.11169201234623,74.03559474852975,74.40733526843145,407000
2024-08-20,75.01387023925781,75.48344391411595,74.8182188951788,74.93560671617806,443012
2024-08-21,75.09213256835938,75.32691567024517,74.93560552468868,75.01386904652402,506696
2024-08-22,75.24864959716797,75.60082796986647,74.93560298406041,75.03342865122777,522230
2024-08-23,76.0312728881836,76.14866070800907,75.32691611474955,75.44431139819532,541977
2024-08-26,76.34431457519531,76.63779156939489,75.8943105465268,76.01169835875871,311781
2024-08-27,75.34647369384766,76.20735745966458,75.34647369384766,76.01169866578807,416325
2024-08-28,75.91387176513672,76.36387578829896,75.30734817304054,75.48343735285356,553926
2024-08-29,76.55953979492188,76.71605937451938,75.67909383587279,75.83561341547029,463283
2024-08-30,77.3617172241211,77.49867464626014,76.7943179246195,76.91171319943285,875734
2024-09-02,77.81172180175781,77.81172180175781,75.75735299145362,77.08780292764715,450270
2024-09-03,76.53997039794922,78.22259879917029,75.97257852373998,77.87042041456027,596421
2024-09-04,75.1116943359375,75.91387677162942,74.81821732597423,75.22908961809493,791302
2024-09-05,75.56169891357422,76.71605974013556,74.87691175528369,74.99430703825647,696430
2024-09-06,73.40950012207031,76.18778782155675,73.23341093945358,75.32691151966374,953235
2024-09-09,75.1703872680664,75.32691430890829,73.62472378966346,73.68341769816912,870959
2024-09-10,75.69865417480469,76.55953796468128,74.99430488802389,75.13126231575515,979339
2024-09-11,75.18995666503906,76.20736003674253,74.7595147675745,75.77691813927795,696221
2024-09-12,76.32474517822266,77.04867151924297,75.4834384882609,76.46171006557717,653034
2024-09-13,77.10736846923828,77.40085293946602,76.2073603738494,76.55953875267464,684836
2024-09-16,76.95085144042969,77.30302236729892,76.57910343734603,76.71606087102305,461589
2024-09-17,79.0247802734375,79.18130731518313,77.4791093224901,77.51824108292651,1223637
2024-09-18,79.18130493164062,79.3378245050545,78.47694819222839,79.06390965386528,765055
2024-09-19,82.68350982666016,82.84003686042462,79.65086945186134,80.62914102202997,1665341
2024-09-20,81.56828308105469,82.62481819721427,81.4117635065977,82.46829862275729,1919021
2024-09-23,80.7856674194336,81.19653968439918,79.51391140278429,81.09871402087686,776896
2024-09-24,80.31609344482422,82.0769852352366,80.00304684470865,81.74436902432774,952365
2024-09-25,80.66827392578125,80.96175838644658,79.14217264300926,79.3769557333696,1574501
2024-09-26,82.27264404296875,82.78134947917832,81.19654672369208,81.66612039837626,1051773
2024-09-27,81.37263488769531,82.80091057898274,81.25523960460666,82.17481732975045,1186314
2024-09-30,79.9443588256836,80.57045207201251,78.92695543449405,80.57045207201251,1348011
2024-10-01,80.08131408691406,81.2943687858542,79.33782557818687,80.00305056733856,830525
2024-10-02,80.21826934814453,80.33566462433764,79.16173425326606,80.15957544185788,780075
2024-10-03,78.37911987304688,79.80739545134874,78.00737190448388,79.6508684196128,1010869
2024-10-04,79.86609649658203,80.6095850365573,78.7117356569969,78.75086741842931,981291
2024-10-07,79.88566589355469,80.21827466940226,79.10304559425873,80.21827466940226,604302
2024-10-08,80.17913818359375,80.35522736737843,79.45521930075445,79.76826590930278,733916
2024-10-09,80.72696685791016,80.72696685791016,79.57260610411275,80.2965324413825,459033
2024-10-10,80.4921875,81.13785035013804,80.12044697222424,80.6095827810124,733253
2024-10-11,80.66827392578125,80.92262662744987,80.23783204043741,80.2965334107424,445711
2024-10-14,81.29437255859375,81.31394217120584,80.47262795577525,80.84436849558071,569511
2024-10-15,81.68567657470703,82.19437451010171,80.66827324029785,81.68567657470703,1093482
2024-10-16,82.13568115234375,82.44872776012761,80.92262648013381,81.64654536120524,744678
2024-10-17,82.7422103881836,83.5248231585047,82.19437323897715,82.35090027121319,602759
2024-10-18,82.9378662109375,83.21178106857985,81.94003244900891,82.19437769475104,739371
2024-10-21,82.42916870117188,82.95743627103052,81.99872680048257,82.66395179990234,692098
2024-10-22,81.1769790649414,82.1943749410652,80.21826963169187,82.076987128077,692005
2024-10-23,80.10087585449219,81.1182792132806,80.02261979890845,80.84436435968756,745061
2024-10-24,79.88566589355469,80.355232102236,79.74870099710063,80.02262332638843,746681
2024-10-25,80.10087585449219,80.92262787889129,79.45522048011145,79.5530461473061,772801
2024-10-28,81.23567199707031,81.82263344583072,80.0421794885396,80.55087742050003,713594
2024-10-29,80.62914276123047,82.25307718527677,80.41392181697182,81.90089881532985,681510
2024-10-30,81.6661148071289,82.11611883843082,80.59001009790708,81.822634378894,1304511
2024-10-31,81.1769790649414,81.64654524413396,80.47262233253275,80.82480069873708,1320140
2024-11-01,82.6443862915039,82.6443862915039,81.07914579395063,81.15740931155226,805178
2024-11-04,81.35307312011719,82.64439138566094,81.05958864283076,82.42917043080026,623298
2024-11-05,82.37046813964844,82.60525870431037,80.5704519256282,81.45089788405993,643281
2024-11-06,82.44873046875,85.16832436264558,82.05742033025983,84.24875412035678,1451024
2024-11-07,84.79658508300781,84.79658508300781,82.42916953257846,82.42916953257846,1430888
2024-11-08,84.22918701171875,84.79658635621152,83.79875256384521,84.44440796746568,1037715
2024-11-11,87.16400146484375,87.67270689629979,85.32485347205876,85.32485347205876,877175
2024-11-12,84.93354034423828,87.02704097930206,84.83571467658129,86.02920722740868,1059643
2024-11-13,85.83354949951172,85.83354949951172,84.28788601855626,84.73789006628964,1431965
2024-11-14,87.6727066040039,87.96618361629292,85.6770315732335,85.85312076605503,1921630
2024-11-15,88.70967102050781,89.15967507119124,86.57703858506535,86.71399601511595,1546787
2024-11-18,88.41618347167969,88.49444699001957,87.53574501302566,88.06400510277011,1410976
2024-11-19,86.8509521484375,88.63140617613243,85.59876568460196,88.12270822405675,1489433
2024-11-20,85.79441833496094,88.00531429232447,85.7161622774875,86.57703861865676,1229679
2024-11-21,85.99007415771484,86.53790385914482,85.12919038275929,85.69658969559455,1181985
2024-11-22,85.59876251220703,86.85094892963501,84.1313551548549,86.42050704978672,1570605
2024-11-25,85.5792007446289,87.16399592088698,85.2661541388824,86.67486013293181,1875621
2024-11-26,84.62049102783203,85.63789435894554,84.40527008768613,84.99223153850782,1238093
2024-11-27,83.32917785644531,84.4444069190881,81.88133255806297,84.34658124867772,1359728
2024-11-28,84.19004821777344,84.81614142021819,83.75961380585498,83.8378698584458,792715
2024-11-29,84.4639663696289,84.60093126017254,83.66178395609614,83.66178395609614,806925
2024-12-02,82.68350982666016,84.03352937020952,81.99872271299002,83.03568818901044,1383684
2024-12-03,84.2487564086914,84.50310166154136,82.78134894721113,82.78134894721113,924444
2024-12-04,84.38571166992188,84.83571571756185,83.89657586201491,83.89657586201491,773175
2024-12-05,86.10746002197266,86.26398705519128,84.13135474111587,84.15091688845833,945243
2024-12-06,88.06400299072266,88.06400299072266,85.22702142333056,85.63789368933111,1152536
2024-12-09,87.92704772949219,88.65097407913444,87.3205241210491,88.53357880155518,1123733
2024-12-10,87.24226379394531,88.181403658073,86.71399622094471,87.65313608507239,1010553
2024-12-11,87.6727066040039,87.96618361629292,86.32268697116555,86.90964845936384,706606
2024-12-12,87.16400146484375,88.14227310297582,87.16400146484375,87.80966432854866,664396
2024-12-13,86.8509521484375,87.63357242014474,86.42051025263652,87.02704133639062,689639
2024-12-16,86.44007873535156,86.83138886609395,86.02920645670105,86.4792104947878,726951
2024-12-17,85.14875793457031,86.26398692186018,85.0313626598378,85.50093629514814,1068691
2024-12-18,85.99007415771484,86.32268291540592,85.0900660871885,85.16832214194999,836227
2024-12-19,83.54439544677734,84.69875622384419,83.44656978030454,84.07266300207436,1239247
2024-12-20,83.40744018554688,83.48569624258403,81.82263747852765,82.66395166654303,2402169
2024-12-23,83.58352661132812,83.83787184962354,82.50742189692488,83.09439081882479,514759
2024-12-24,83.74005126953125,83.99440398689384,83.68135735922462,83.85744655376483,133398
2024-12-27,84.32701110839844,84.58136382076894,83.42700300446614,83.5835300470388,524120
2024-12-30,83.70091247558594,84.52266446893692,83.4465672432137,83.99439692970122,510040
2024-12-31,83.83787536621094,84.28788688217527,83.42700307454282,83.54439835657094,224953
2025-01-02,83.89657592773438,84.64005698252886,83.01612998008814,84.1313590259,440592
2025-01-03,82.07698822021484,83.93570574133254,81.94003079415964,83.74004694438229,1020889
2025-01-06,84.42484283447266,84.60093202262145,82.52699352482678,82.85960228931891,1096260
2025-01-07,83.44657135009766,84.87484700560496,82.84004026476438,84.44440510868328,1003267
2025-01-08,83.38787078857422,84.50309983814536,82.62482011924872,83.46613430943329,988782
2025-01-09,83.9161376953125,84.48353702162335,82.62481946583061,82.99655999154113,703948
2025-01-10,82.23350524902344,84.32700579806753,82.23350524902344,83.83787001626061,1101889
2025-01-13,81.88133239746094,82.29221215417098,80.5117580871615,81.88133239746094,1066873
2025-01-14,82.40959930419922,83.58352972815497,82.1161222959254,83.19221958683639,1355999
2025-01-15,84.03353118896484,84.40527170677147,82.48786028337638,82.48786028337638,2240489
2025-01-16,83.25091552734375,83.66178782712572,82.01829116437746,82.93786889937361,1482125
2025-01-17,84.69876098632812,84.95310624073487,83.68135757784012,83.93571029586721,1568989
2025-01-20,85.69659423828125,86.22486181992873,84.48353949354646,84.79658612004641,1189903
2025-01-21,86.00963592529297,86.20529472038156,85.18789137678056,85.42267446726699,1029507
2025-01-22,86.45964050292969,86.75312496560043,85.3639810980147,86.08789998535066,851671
2025-01-23,87.75096130371094,87.79009306413428,86.42051130379797,86.79225929600962,1116675
2025-01-24,87.8879165649414,89.12054086519382,87.55530780497963,88.04444360277282,1039226
2025-01-27,86.75312805175781,87.20313210387349,85.26615846492432,87.06617467338698,1444907
2025-01-28,87.59443664550781,87.927045394386,85.89224621572362,86.7922542624031,1036294
2025-01-29,87.37921905517578,88.57271160192484,87.24226162819998,88.31835889598979,671572
2025-01-30,88.61184692382812,88.9053239375942,87.77053271651549,87.86835838777084,883090
2025-01-31,88.61184692382812,89.19880841498059,88.14227325273397,88.61184692382812,1136387
2025-02-03,85.05093383789062,86.96834524546631,84.73788722978888,86.24442636365974,1240623
2025-02-04,85.4422378540039,85.85311759783835,84.07266358662238,85.09006694497722,989787
2025-02-05,85.91181182861328,85.93137397666948,84.7574510391775,84.9139780781071,923018
2025-02-06,91.21404266357422,91.44883322336106,86.02920761801228,86.20529680604238,1650202
2025-02-07,91.54666137695312,92.30971205792706,91.03795594722367,91.2140451400346,1184073
2025-02-10,91.54666137695312,91.85970800154809,90.39230054933044,91.48796000360265,842594
2025-02-11,92.89666748046875,93.11188842025388,91.44882973511022,91.58578715795171,867553
2025-02-12,93.03363037109375,93.64016146762444,91.60535468921846,93.13145604121284,1047525
2025-02-13,94.6771240234375,96.10539966032759,93.2292862385878,95.65539562105701,1291797
2025-02-14,94.57929992675781,95.40104449986455,93.79667965021989,94.03147021135332,1156961
2025-02-17,95.44017791748047,95.57713534871002,93.87494480084266,94.75539076133275,610207
2025-02-18,95.87062072753906,96.51628359252759,94.7945234161785,95.65539977254289,709808
2025-02-19,92.03579711914062,95.90975189419467,91.31187073616498,95.32279040651137,1447547
2025-02-20,92.38796997070312,93.15102060534892,91.76187675952607,92.5640591528229,783026
2025-02-21,92.38796997070312,93.46406721093744,91.37056663663547,91.8792645718594,1325469
2025-02-24,91.33143615722656,92.85753744789362,91.01838954725332,92.34883950554457,885820
2025-02-25,91.54666137695312,92.48580125073798,90.64665326419518,90.7836106959792,1062787
2025-02-26,94.07060241699219,95.04887403548693,92.27057875787938,92.29014090625643,1351390
2025-02-27,92.83797454833984,94.05102921921083,91.37056717654401,93.4249360043342,1163402
2025-02-28,94.6184310913086,95.92931146309431,91.58579060015026,93.30754325590283,2138301
2025-03-03,93.77711486816406,95.32278576592456,92.36840139540817,94.20755675453279,1236691
2025-03-04,90.37272644042969,93.07275810798127,89.62924540877191,92.64231622172265,1434884
2025-03-05,98.3652114868164,98.95217294884947,92.97493292915061,94.07059979826694,2422518
2025-03-06,103.59896087646484,103.89243786963503,98.16955067118916,98.16955067118916,2578689
2025-03-07,103.59896087646484,104.33266455481996,100.66414616304442,102.81634063410482,2788784
2025-03-10,97.92498779296875,103.59896618158383,97.37715807343521,103.30548170976506,2254911
2025-03-11,96.02714538574219,98.56086528802828,95.89018049300499,97.3380257683257,1783368
2025-03-12,97.92498779296875,98.85435031131475,96.9858479322169,97.69020469368583,1486319
2025-03-13,96.43801879882812,98.21847286175378,96.10540256450389,96.92715461241892,1784459
2025-03-14,98.12064361572266,99.68587666944373,95.75322069187335,96.0858369140753,1526007
2025-03-17,97.82716369628906,98.6097839913075,97.51411707100576,98.41412518574275,926498
2025-03-18,98.70760345458984,99.0989135774897,97.6706305093623,98.16955110265009,1086983
2025-03-19,100.37066650390625,100.71306007744754,97.97390402549715,97.97390402549715,1107071
2025-03-20,99.24565124511719,101.10436878553044,97.97390263802814,100.07718807945314,1211004
2025-03-21,97.78802490234375,98.85434479102702,97.69019923840706,98.51194377181898,2483910
2025-03-24,97.53367614746094,99.09891668819303,97.33802481167945,99.05000012243764,799850
2025-03-25,97.92498779296875,98.85435031131475,96.57497564256676,97.55324726380245,1062640
2025-03-26,97.43585205078125,98.07173009775507,97.35758852975859,97.82716219227437,1064753
2025-03-27,96.32061767578125,96.9075791237728,94.8727799349767,96.0075710726111,1359427
2025-03-28,94.46190643310547,96.20322874454146,93.87494494640866,95.38148415588996,1269729
2025-03-31,89.70750427246094,93.62059073954529,89.68794212411836,93.1901563034277,1837610
2025-04-01,90.29447174072266,91.11621630287011,89.60967714197977,90.23577036941212,1061474
2025-04-02,90.86186218261719,91.07708312562599,89.45315617463034,89.88359059702805,720993
2025-04-03,86.71399688720703,88.69010976401712,85.81398877678869,87.55531108804772,1465668
2025-04-04,80.0030517578125,85.42267741933142,77.9878146122861,85.20745646910625,2447726
2025-04-07,77.10736846923828,82.05742045749723,70.35729282658146,70.92469215509101,2746443
2025-04-08,78.80955505371094,80.53131510154385,77.34214770312623,78.26172536451763,1936681
2025-04-09,74.89646911621094,78.0856365287112,74.25081376018487,76.34431432584056,2247204
2025-04-10,80.15957641601562,86.51834174649856,80.15957641601562,85.40311273178038,2539305
2025-04-11,80.57044982910156,81.76394237907307,78.4573795838497,81.54872143221002,1156123
2025-04-14,83.38787078857422,84.07266540066081,82.33134311145746,82.80090930937155,1350296
2025-04-15,88.22053527832031,88.4748879901648,83.25091364121803,83.32917716234252,1797769
2025-04-16,86.96834564208984,87.49661319509946,86.12703147955082,87.04660916037717,1167970
2025-04-17,84.69876098632812,87.32052929876482,84.15092378876052,86.67486642922383,934645
2025-04-22,84.05309295654297,84.05309295654297,82.82047613083529,83.99439904968638,1172725
2025-04-23,88.06400299072266,89.19880158857528,85.59876193109966,86.18572337733183,1674466
2025-04-24,88.33792877197266,88.4357544395881,86.16616461825762,87.43791322449849,938868
2025-04-25,92.44666290283203,92.85753516890922,90.95969340785852,91.44882919041319,1874602
2025-04-28,93.87493896484375,95.26408280302351,92.34883770394879,92.46622551563622,1156467
2025-04-29,93.99234008789062,95.49887929510703,93.58146779418257,94.12929751912664,1018181
2025-04-30,93.42493438720703,95.38147751573493,92.07492231542588,94.52060122608576,1468223
2025-05-02,96.71192932128906,97.08366983603669,94.89234357927725,95.10756452178057,1111276
2025-05-05,95.92931365966797,97.12280624257444,95.36192178655885,96.79019747087669,644441
2025-05-06,96.06626892089844,96.22279596071728,93.8945122205624,95.87061758474493,775167
2025-05-07,94.71625518798828,96.16410042736288,94.55973561443477,95.94887948305937,962988
2025-05-08,96.14453125,96.6727988074156,94.61842994876825,94.77494952302844,891061
2025-05-09,96.79019165039062,97.37715310043218,96.2619241062673,96.73149028085263,664993
2025-05-12,98.90325927734375,100.76197684784354,98.02281332672594,98.0717298931681,1030192
2025-05-13,99.88153076171875,100.02827299722598,98.60978213576962,99.19674361417846,709643
2025-05-14,100.46849060058594,101.15328520057123,98.41412172787011,99.5880521291506,910104
2025-05-15,99.636962890625,100.22392436923145,97.97390412397003,99.97935646451042,798356
2025-05-16,99.09891510009766,99.53913433036136,98.12064350962727,99.53913433036136,1077333
2025-05-19,99.1478271484375,99.29456938409368,97.76846804595769,98.60978223585833,755688
2025-05-20,99.19673919677734,99.68587498427267,97.87607406326391,99.04999696780479,903857
2025-05-21,98.02281188964844,99.2456513965733,97.04454028410855,98.95217439308335,1027368
2025-05-22,96.4771499633789,97.45542158451535,93.7771181992287,96.8488904925075,1288510
2025-05-23,95.47930908203125,97.02498004039141,92.66188948967944,96.49671246739666,1234609
2025-05-26,97.9738998413086,98.26737683597321,96.88801779472396,97.61193667124044,547566
2025-05-27,98.02281188964844,98.6097808238684,97.45542003078654,97.7293348861585,721110
2025-05-28,97.9738998413086,99.24564841209487,97.65106842991969,97.72933194727818,916195
2025-05-29,97.82716369628906,99.4413133900019,97.80760154754273,99.24565458443715,454069
2025-05-30,96.6923599243164,98.85434669616822,96.6923599243164,98.26737777399639,1311037
2025-06-02,95.73365783691406,96.53584023749715,94.99016934303073,95.96844092733305,571604
2025-06-03,96.80975341796875,96.9467108403204,94.55973329103463,95.69452442817972,844350
2025-06-04,98.31629943847656,98.75651868932015,96.88802374525352,97.63151227858205,862905
2025-06-05,98.60977935791016,99.73478571666035,97.82715909966487,98.75651412566371,713887
2025-06-06,99.05000305175781,99.68588110728328,98.12064798388079,98.60978380142033,451494
2025-06-09,99.19999694824219,99.37999725341797,98.30000305175781,99.19999694824219,587001
2025-06-10,99.30000305175781,99.76000213623047,98.80000305175781,99.19999694824219,694570
2025-06-11,99.36000061035156,100.3499984741211,98.80000305175781,99.4800033569336,851338
2025-06-12,98.5199966430664,98.91999816894531,97.08000183105469,98.30000305175781,656951
2025-06-13,95.80000305175781,97.12000274658203,95.5999984741211,96.05999755859375,1304434
2025-06-16,98.13999938964844,98.41999816894531,96.26000213623047,96.26000213623047,925658
2025-06-17,96.73999786376953,97.36000061035156,96.0199966430664,96.76000213623047,697926
2025-06-18,95.36000061035156,97.19999694824219,95.0,96.66000366210938,746490
2025-06-19,93.4800033569336,95.0199966430664,93.4800033569336,94.37999725341797,562701
2025-06-20,94.77999877929688,95.27999877929688,93.9000015258789,94.19999694824219,2404557
2025-06-23,93.68000030517578,95.45999908447266,93.4000015258789,93.81999969482422,700629
2025-06-24,97.81999969482422,98.5999984741211,97.12000274658203,97.5999984741211,1313158
2025-06-25,96.77999877929688,98.9800033569336,96.72000122070312,98.5,828787
2025-06-26,97.86000061035156,98.63999938964844,96.5999984741211,96.77999877929688,833675
2025-06-27,101.0999984741211,101.0999984741211,98.91999816894531,99.0,976836
2025-06-30,99.63999938964844,101.55000305175781,99.62000274658203,101.44999694824219,933615
2025-07-01,97.95999908447266,99.83999633789062,97.27999877929688,99.5199966430664,709940
2025-07-02,98.45999908447266,99.30000305175781,97.81999969482422,98.4000015258789,637918
2025-07-03,98.23999786376953,99.23999786376953,97.9800033569336,98.4000015258789,788558
2025-07-04,97.0,97.5999984741211,96.27999877929688,97.19999694824219,714210
2025-07-07,98.19999694824219,98.30000305175781,96.73999786376953,97.19999694824219,473216
2025-07-08,98.55999755859375,98.72000122070312,97.19999694824219,98.30000305175781,1158636
2025-07-09,101.55000305175781,101.55000305175781,98.0199966430664,98.44000244140625,1005028
2025-07-10,101.30000305175781,101.80000305175781,100.75,101.69999694824219,601369
2025-07-11,100.4000015258789,100.75,99.16000366210938,100.5,1100730
2025-07-14,99.73999786376953,100.0999984741211,98.9000015258789,99.16000366210938,619821
2025-07-15,99.36000061035156,100.9000015258789,99.36000061035156,99.95999908447266,525990
2025-07-16,96.94000244140625,98.81999969482422,96.94000244140625,98.58000183105469,1045246
2025-07-17,100.3499984741211,100.3499984741211,98.45999908447266,98.62000274658203,763101
2025-07-18,100.55000305175781,101.92500305175781,100.30000305175781,101.5,598869
2025-07-21,100.8499984741211,101.5999984741211,100.1500015258789,100.6500015258789,454100
2025-07-22,98.72000122070312,100.55000305175781,97.83999633789062,100.44999694824219,799595
2025-07-23,102.0,102.30000305175781,100.3499984741211,100.3499984741211,773950
2025-07-24,102.69999694824219,104.0,102.4000015258789,104.0,856939
2025-07-25,102.1500015258789,102.69999694824219,101.0,102.5999984741211,744854
2025-07-28,100.5999984741211,104.6500015258789,99.95999908447266,104.5,682866
2025-07-29,101.19999694824219,101.80000305175781,100.05000305175781,100.69999694824219,611970
2025-07-30,101.19999694824219,102.75,100.3499984741211,100.5,635223
2025-07-31,100.30000305175781,102.3499984741211,100.0999984741211,101.4000015258789,841254
2025-08-01,90.9800033569336,97.30000305175781,90.9800033569336,97.30000305175781,2748335
2025-08-04,92.0,92.80000305175781,91.73999786376953,92.27999877929688,1537869
2025-08-05,92.80000305175781,94.18000030517578,92.72000122070312,92.76000213623047,1189833
2025-08-06,93.5,94.87999725341797,93.5,93.69999694824219,916057
2025-08-07,96.55999755859375,96.94000244140625,93.83999633789062,93.94000244140625,956029
2025-08-08,97.91999816894531,98.16000366210938,96.5,96.77999877929688,918470
2025-08-11,96.80000305175781,98.45999908447266,96.68000030517578,98.33999633789062,567007
2025-08-12,98.4000015258789,98.44000244140625,96.4800033569336,97.37999725341797,611559
2025-08-13,98.19999694824219,99.27999877929688,98.19999694824219,99.22000122070312,719590
2025-08-14,99.12000274658203,99.44000244140625,98.5199966430664,98.5199966430664,405945
2025-08-15,99.0,99.95999908447266,98.91999816894531,99.45999908447266,532895
2025-08-18,97.69999694824219,99.16000366210938,96.9800033569336,99.12000274658203,615821
2025-08-19,100.6500015258789,100.75,97.95999908447266,98.04000091552734,522103
2025-08-20,97.5,100.5999984741211,96.87999725341797,99.5,803825
2025-08-21,96.4000015258789,97.69999694824219,96.0199966430664,97.19999694824219,630863
2025-08-22,98.16000366210938,98.37999725341797,95.83999633789062,96.18000030517578,581660
2025-08-25,94.87999725341797,97.83999633789062,94.87999725341797,97.83999633789062,592915
2025-08-26,93.63999938964844,94.27999877929688,91.63999938964844,91.81999969482422,1652039
2025-08-27,93.44000244140625,94.16000366210938,92.81999969482422,93.55999755859375,558405
2025-08-28,93.5999984741211,94.54000091552734,93.0999984741211,93.91999816894531,505604
2025-08-29,92.19999694824219,93.36000061035156,92.19999694824219,92.72000122070312,874427
2025-09-01,92.94000244140625,93.05999755859375,92.13999938964844,92.33999633789062,553544
2025-09-02,90.5,93.30000305175781,90.33999633789062,93.0199966430664,1072954
2025-09-03,90.36000061035156,91.81999969482422,90.16000366210938,91.04000091552734,973331
2025-09-04,91.23999786376953,91.4800033569336,90.18000030517578,90.30000305175781,943382
2025-09-05,91.45999908447266,92.27999877929688,90.83999633789062,91.95999908447266,730714
2025-09-08,93.0199966430664,93.05999755859375,92.0,92.23999786376953,637039
2025-09-09,92.44000244140625,93.73999786376953,92.31999969482422,93.22000122070312,556248
2025-09-10,92.0199966430664,93.26000213623047,92.0199966430664,93.0,826251
2025-09-11,93.69999694824219,94.5999984741211,92.08000183105469,92.26000213623047,695745
2025-09-12,93.9000015258789,95.62000274658203,93.27999877929688,94.5999984741211,871310
2025-09-15,94.69999694824219,95.68000030517578,93.9000015258789,94.23999786376953,730933
2025-09-16,93.23999786376953,94.73999786376953,93.23999786376953,94.62000274658203,638755
2025-09-17,93.12000274658203,94.19999694824219,93.05999755859375,93.66000366210938,652704
2025-09-18,93.44000244140625,95.19999694824219,93.26000213623047,93.36000061035156,886858
2025-09-19,93.77999877929688,95.86000061035156,93.77999877929688,94.30000305175781,2508976
2025-09-22,92.55999755859375,93.72000122070312,92.19999694824219,93.66000366210938,827751
2025-09-23,93.80000305175781,95.37999725341797,93.62000274658203,93.63999938964844,1006114
2025-09-24,92.26000213623047,93.4000015258789,91.68000030517578,93.30000305175781,914827
2025-09-25,90.04000091552734,91.72000122070312,89.22000122070312,91.55999755859375,1305324
2025-09-26,91.30000305175781,91.76000213623047,90.5,90.54000091552734,856378
2025-09-29,90.94000244140625,91.91999816894531,90.30000305175781,91.76000213623047,981594
2025-09-30,91.66000366210938,91.86000061035156,90.45999908447266,90.9800033569336,875364
2025-10-01,92.86000061035156,92.95999908447266,90.5999984741211,91.26000213623047,954949
2025-10-02,93.5999984741211,94.22000122070312,92.68000030517578,93.62000274658203,881655
2025-10-03,94.31999969482422,94.55999755859375,92.9000015258789,94.55999755859375,890993
2025-10-06,91.08000183105469,95.5999984741211,91.08000183105469,93.80000305175781,1822974
2025-10-07,90.95999908447266,91.55999755859375,89.5999984741211,91.23999786376953,1621838
2025-10-08,89.77999877929688,91.30000305175781,89.76000213623047,90.45999908447266,1811895
2025-10-09,90.13999938964844,91.05999755859375,89.86000061035156,90.4800033569336,806631
2025-10-10,87.54000091552734,90.62000274658203,87.27999877929688,89.80000305175781,1293821
2025-10-13,89.30000305175781,89.63999938964844,88.18000030517578,88.4800033569336,1288422
2025-10-14,88.55999755859375,89.5,87.37999725341797,88.36000061035156,1034172
2025-10-15,90.30000305175781,91.55999755859375,90.08000183105469,90.4800033569336,1304530
2025-10-16,90.63999938964844,91.05999755859375,89.31999969482422,89.9000015258789,948651
2025-10-17,89.5,90.19999694824219,88.44000244140625,88.91999816894531,1043404
2025-10-20,90.44000244140625,90.94000244140625,89.68000030517578,90.22000122070312,748903
2025-10-21,90.5999984741211,90.94000244140625,89.95999908447266,90.76000213623047,954252
2025-10-22,89.66000366210938,90.95999908447266,89.04000091552734,90.95999908447266,1544893
2025-10-23,89.33999633789062,89.55999755859375,88.41999816894531,89.05999755859375,1009027
2025-10-24,90.37999725341797,90.4800033569336,88.9000015258789,90.05999755859375,887305
2025-10-27,90.16000366210938,91.16000366210938,90.0,90.87999725341797,755522
2025-10-28,88.95999908447266,89.9800033569336,88.45999908447266,89.9800033569336,1170152
2025-10-29,88.04000091552734,89.19999694824219,88.04000091552734,88.91999816894531,975481
2025-10-30,87.19999694824219,87.91999816894531,86.45999908447266,87.9000015258789,1206936
2025-10-31,84.05999755859375,85.5999984741211,83.5199966430664,85.30000305175781,2159796
2025-11-03,83.23999786376953,84.36000061035156,82.87999725341797,83.9000015258789,1293413
2025-11-04,81.68000030517578,81.94000244140625,81.05999755859375,81.73999786376953,1056087
2025-11-05,82.66000366210938,83.5999984741211,81.87999725341797,82.16000366210938,1014521
2025-11-06,80.81999969482422,82.5999984741211,80.81999969482422,82.12000274658203,1246358
2025-11-07,79.77999877929688,81.13999938964844,79.0199966430664,80.9000015258789,1073433
2025-11-10,80.86000061035156,81.73999786376953,80.23999786376953,81.5199966430664,874011
2025-11-11,82.73999786376953,83.19999694824219,81.33999633789062,81.80000305175781,980772
2025-11-12,83.18000030517578,84.13999938964844,82.31999969482422,82.68000030517578,929272
2025-11-13,83.9800033569336,84.81999969482422,83.76000213623047,83.9000015258789,1103906
2025-11-14,82.5999984741211,83.37999725341797,81.86000061035156,83.19999694824219,864309
2025-11-17,82.0,82.69999694824219,81.62000274658203,82.54000091552734,658179
2025-11-18,79.91999816894531,81.13999938964844,79.37999725341797,79.94000244140625,997462
2025-11-19,81.23999786376953,82.04000091552734,78.9800033569336,79.5199966430664,882373
2025-11-20,80.33999633789062,82.5,80.33999633789062,82.16000366210938,1053126
2025-11-21,81.30000305175781,81.30000305175781,78.83999633789062,79.04000091552734,1195332
2025-11-24,81.58000183105469,83.4800033569336,81.33999633789062,82.83999633789062,1503256
2025-11-25,85.0,85.45999908447266,81.36000061035156,82.0999984741211,1737778
2025-11-26,86.0999984741211,86.0999984741211,84.41999816894531,85.58000183105469,1462979
2025-11-27,85.81999969482422,86.4000015258789,85.0999984741211,86.36000061035156,718658
2025-11-28,85.94000244140625,86.36000061035156,85.55999755859375,86.0,695581
2025-12-01,85.4000015258789,85.77999877929688,84.58000183105469,85.22000122070312,925498
2025-12-02,84.68000030517578,86.05999755859375,84.16000366210938,85.55999755859375,1580320
2025-12-03,83.80000305175781,85.22000122070312,83.5999984741211,84.63999938964844,1104197
2025-12-04,84.33999633789062,84.5199966430664,83.66000366210938,84.30000305175781,905374
2025-12-05,86.73999786376953,87.05999755859375,84.41999816894531,84.94000244140625,1169207
2025-12-08,84.77999877929688,86.5,84.77999877929688,86.37999725341797,731770
2025-12-09,84.30000305175781,85.31999969482422,83.86000061035156,84.77999877929688,778960
2025-12-10,83.5,84.77999877929688,83.33999633789062,84.0,672197
2025-12-11,87.13999938964844,87.23999786376953,83.81999969482422,83.87999725341797,951803
2025-12-12,86.30000305175781,87.68000030517578,86.30000305175781,87.31999969482422,818960
2025-12-15,87.66000366210938,88.68000030517578,86.73999786376953,86.86000061035156,1015164
2025-12-16,89.16000366210938,89.44000244140625,87.0999984741211,87.22000122070312,1519517
2025-12-17,86.72000122070312,89.0,86.55999755859375,89.0,972017
2025-12-18,87.87999725341797,88.12000274658203,86.63999938964844,86.91999816894531,906167
2025-12-19,86.08000183105469,88.19999694824219,86.08000183105469,88.16000366210938,2464440
2025-12-22,85.95999908447266,86.94000244140625,85.37999725341797,86.41999816894531,634281
2025-12-23,86.16000366210938,86.26000213623047,85.58000183105469,85.80000305175781,517737
2025-12-24,85.9800033569336,86.54000091552734,85.81999969482422,85.9000015258789,132255
2025-12-29,86.4000015258789,87.26000213623047,85.95999908447266,86.41999816894531,635187
2025-12-30,86.86000061035156,87.16000366210938,86.0999984741211,86.37999725341797,435113
2025-12-31,86.95999908447266,87.08000183105469,86.22000122070312,86.63999938964844,284222
2026-01-02,87.0199966430664,87.19999694824219,85.66000366210938,86.77999877929688,627530
2026-01-05,85.23999786376953,88.54000091552734,85.22000122070312,87.68000030517578,1001998
2026-01-06,83.30000305175781,85.9000015258789,82.55999755859375,85.22000122070312,1760167
2026-01-07,84.08000183105469,86.4800033569336,83.27999877929688,84.19999694824219,1011419
2026-01-08,82.5999984741211,82.95999908447266,80.5,81.5199966430664,1609147
2026-01-09,84.5999984741211,85.30000305175781,83.0999984741211,83.12000274658203,1043346
2026-01-12,86.81999969482422,86.9800033569336,85.08000183105469,85.18000030517578,1038755
2026-01-13,83.66000366210938,86.08000183105469,82.63999938964844,86.0,1293416
2026-01-14,84.45999908447266,85.44000244140625,83.95999908447266,83.95999908447266,1108112
2026-01-15,84.9800033569336,85.13999938964844,82.77999877929688,84.63999938964844,1020219
2026-01-16,83.94000244140625,85.04000091552734,83.44000244140625,85.0199966430664,978478
2026-01-19,82.41999816894531,82.94000244140625,81.80000305175781,82.0,741443
2026-01-20,81.26000213623047,81.76000213623047,80.5199966430664,81.68000030517578,704653
2026-01-21,81.68000030517578,82.0,80.83999633789062,81.16000366210938,810979
2026-01-22,84.77999877929688,84.77999877929688,82.62000274658203,83.04000091552734,1362394
2026-01-23,83.19999694824219,84.16000366210938,83.0199966430664,84.0999984741211,1047196
2026-01-26,83.86000061035156,85.0,82.68000030517578,82.9000015258789,838258
2026-01-27,84.63999938964844,86.83999633789062,84.63999938964844,85.13999938964844,1138428
2026-01-28,84.77999877929688,85.41999816894531,83.72000122070312,84.44000244140625,794623
2026-01-29,83.41999816894531,85.5199966430664,82.87999725341797,85.5199966430664,887341
2026-01-30,83.22000122070312,83.72000122070312,82.73999786376953,83.4000015258789,983538
2026-02-02,84.41999816894531,84.55999755859375,82.33999633789062,82.5,843134
2026-02-03,86.26000213623047,87.72000122070312,83.5999984741211,85.4000015258789,1301889
2026-02-04,87.37999725341797,88.80000305175781,86.18000030517578,86.19999694824219,1400373
2026-02-05,86.87999725341797,88.23999786376953,85.76000213623047,87.5199966430664,1033720
2026-02-06,88.33999633789062,88.55999755859375,85.63999938964844,87.0999984741211,975519
2026-02-09,88.19999694824219,89.5999984741211,87.94000244140625,88.80000305175781,761359
2026-02-10,88.0199966430664,89.4000015258789,88.0199966430664,88.72000122070312,975501
2026-02-11,88.73999786376953,89.5999984741211,87.80000305175781,88.54000091552734,1035071
2026-02-12,89.58000183105469,91.30000305175781,89.37999725341797,90.4800033569336,1135806
2026-02-13,90.86000061035156,91.05999755859375,87.63999938964844,89.16000366210938,1436554
2026-02-16,89.26000213623047,90.80000305175781,89.16000366210938,90.77999877929688,708192
2026-02-17,89.30000305175781,89.66000366210938,88.12000274658203,89.37999725341797,793616
2026-02-18,87.81999969482422,89.5,87.19999694824219,89.4800033569336,966670
2026-02-19,87.54000091552734,88.58000183105469,87.08000183105469,87.44000244140625,809748
2026-02-20,90.23999786376953,90.72000122070312,87.62000274658203,88.18000030517578,1383562
